feat_0,feat_1,feat_2,feat_3,feat_4,feat_5,feat_6,feat_7,feat_8,feat_9,feat_10,feat_11,feat_12,feat_13,feat_14,feat_15,feat_16,feat_17,feat_18,feat_19,feat_20,feat_21,feat_22,feat_23,feat_24,feat_25,feat_26,feat_27,feat_28,feat_29,feat_30,feat_31,feat_32,feat_33,feat_34,feat_35,feat_36,feat_37,feat_38,feat_39,feat_40,feat_41,feat_42,feat_43,feat_44,feat_45,feat_46,feat_47,feat_48,feat_49,feat_50,feat_51,feat_52,feat_53,feat_54,feat_55,feat_56,feat_57,feat_58,feat_59,feat_60,feat_61,feat_62,feat_63,feat_64,feat_65,label
-0.039882835,-0.6198256,0.027834395,-0.77639204,0.06392957,-0.7769291,0.10060676,-0.7771451,-0.101418234,-0.77055997,-0.14158039,-0.76880324,-0.17795262,-0.7661404,0.17008859,-0.73046094,-0.2246242,-0.71963036,0.040484957,-0.4764473,-0.1137933,-0.46662477,0.49824768,0.041823916,-0.49824768,-0.041823916,0.71881837,0.869343,-0.6898675,0.82542586,0.7825826,1.7758582,-0.73370224,1.6776392,0.84053934,2.0322864,-0.81306475,1.9080701,0.73675007,2.0284457,-0.7136108,1.9116734,0.6953698,1.9286727,-0.66780436,1.8217856,0.32987434,1.8623948,-0.35135713,1.8842006,0.3294044,3.348589,-0.31631824,3.3849292,0.3301527,4.693306,-0.2859258,4.7129316,0.3460667,4.9036403,-0.2875778,4.924579,0.22620079,5.1327124,-0.18860379,5.1253533,normal
-0.047364485,-0.6215441,0.022580408,-0.779004,0.0638315,-0.77947533,0.09744482,-0.77944356,-0.10787687,-0.7740533,-0.14498873,-0.77239347,-0.18268067,-0.7699198,0.16960853,-0.7321808,-0.21954563,-0.7230737,0.033992283,-0.4778377,-0.12210536,-0.46827057,0.49844092,0.039454546,-0.49844092,-0.039454546,0.7288904,0.8781222,-0.7070781,0.8360983,0.8110648,1.7987235,-0.74818575,1.7084552,0.8764743,2.0627053,-0.8259476,1.9462588,0.77855116,2.0690243,-0.7259304,1.9496777,0.7330648,1.9684447,-0.67881775,1.8555536,0.33623874,1.8821845,-0.35247615,1.9075011,0.34903368,3.387744,-0.29929155,3.4322789,0.36630183,4.741694,-0.2519086,4.7737217,0.3860821,4.955059,-0.25283504,4.98545,0.25911742,5.1830754,-0.1447299,5.198376,normal
-0.04837083,-0.6396919,0.021298924,-0.7913537,0.06360646,-0.7909653,0.096257746,-0.7889068,-0.107680365,-0.78408134,-0.14432539,-0.78257066,-0.18226431,-0.77852476,0.1687802,-0.73556125,-0.21713898,-0.72628224,0.032408804,-0.49414408,-0.12536772,-0.48545724,0.4984611,0.039198484,-0.4984611,-0.039198484,0.7222387,0.8787369,-0.71504384,0.8408351,0.8277477,1.8133441,-0.7609617,1.7278837,0.9039505,2.077377,-0.8383614,1.9786649,0.8118578,2.086168,-0.73382074,2.016903,0.76266265,1.9848087,-0.6885133,1.9191825,0.3314408,1.897322,-0.35947528,1.9129511,0.33197922,3.4183862,-0.32682517,3.4498615,0.3335878,4.7852445,-0.31105345,4.8130355,0.35057402,4.9997573,-0.32198402,5.0286074,0.2280713,5.2315855,-0.20575406,5.2371855,normal
-0.045565393,-0.63749,0.02273553,-0.78881687,0.06566879,-0.7883738,0.097333156,-0.7863253,-0.105858885,-0.78172016,-0.1416688,-0.7801416,-0.18034664,-0.7760993,0.16947044,-0.7328384,-0.2160195,-0.7235111,0.034149215,-0.49237886,-0.123341374,-0.4839993,0.49847856,0.0389758,-0.49847856,-0.0389758,0.716822,0.87864107,-0.7252119,0.8313217,0.811661,1.8076602,-0.7957774,1.6958432,0.8773814,2.0707686,-0.8683242,1.9374344,0.7781743,2.0789788,-0.7667858,1.9502741,0.73355794,1.9778353,-0.72431105,1.859554,0.32770714,1.8997008,-0.36038566,1.910328,0.32323778,3.4213848,-0.34654257,3.44221,0.3154831,4.7763057,-0.3388976,4.800363,0.33301163,4.991025,-0.34698772,5.0170903,0.19846985,5.2232914,-0.2399059,5.2285767,normal
-0.040724818,-0.62331206,0.028033594,-0.77731425,0.0709275,-0.77741224,0.10183195,-0.77600443,-0.10171269,-0.77210665,-0.13741955,-0.77023643,-0.17641827,-0.7670264,0.17490172,-0.72834533,-0.2133147,-0.7216873,0.03696364,-0.4765796,-0.11809779,-0.46978134,0.49852702,0.03835118,-0.49852702,-0.03835118,0.7077516,0.87990904,-0.7264494,0.83270675,0.7859714,1.810287,-0.8035111,1.7043204,0.84126633,2.0708039,-0.87632227,1.9476106,0.76126856,2.0711985,-0.7770806,1.9602326,0.71295923,1.9756001,-0.73092353,1.8688011,0.32740012,1.9027023,-0.36312,1.9137596,0.31737772,3.4278836,-0.34894186,3.448684,0.30900767,4.7911534,-0.33239594,4.8113136,0.32376453,5.004827,-0.33217323,5.029264,0.19719078,5.23692,-0.23885956,5.2406373,normal
-0.040472295,-0.6337239,0.028118156,-0.7824194,0.07049067,-0.78215575,0.10116525,-0.7802921,-0.10065744,-0.77530235,-0.1368047,-0.77333087,-0.17522079,-0.7699518,0.1742738,-0.72910374,-0.2121865,-0.7211341,0.03695311,-0.48788753,-0.119758256,-0.48137075,0.49854204,0.03815554,-0.49854204,-0.03815554,0.7035788,0.8813757,-0.72952604,0.83963984,0.7894721,1.8124069,-0.82057816,1.710298,0.84956497,2.0661058,-0.89733416,1.9578317,0.76602113,2.0702212,-0.79592544,1.9663135,0.71700025,1.9758921,-0.7494617,1.8763468,0.32587165,1.9089329,-0.36680877,1.9201593,0.31590098,3.438317,-0.34766904,3.4586306,0.30797192,4.806584,-0.3299014,4.8262315,0.32322764,5.0188937,-0.33132437,5.0443497,0.19515927,5.2532015,-0.23759425,5.2549243,normal
-0.039751496,-0.6218644,0.030828906,-0.77351093,0.072902285,-0.77323747,0.104854204,-0.7712513,-0.099644706,-0.767937,-0.1359166,-0.76589525,-0.17429395,-0.7634276,0.18010747,-0.7234853,-0.2116452,-0.71900415,0.037223972,-0.47678262,-0.11899332,-0.47040024,0.49854326,0.038139597,-0.49854326,-0.038139597,0.7033662,0.8823382,-0.7326088,0.83751553,0.7895143,1.7977755,-0.8382714,1.6565783,0.84975034,2.0452511,-0.91462135,1.8898063,0.7672666,2.038803,-0.81743723,1.8708211,0.71708226,1.9502891,-0.768594,1.7903402,0.32142448,1.9116428,-0.37168673,1.9225961,0.30397537,3.4442537,-0.3604792,3.4624677,0.2932595,4.8162227,-0.34014875,4.830346,0.30626005,5.0297537,-0.34025437,5.045456,0.18355137,5.258738,-0.24955851,5.257015,normal
-0.038325362,-0.6380863,0.03269935,-0.78389436,0.073990695,-0.7823682,0.10563976,-0.77915114,-0.09743427,-0.7767835,-0.13457955,-0.7754448,-0.17268495,-0.772452,0.18023093,-0.72246116,-0.2104049,-0.7185587,0.03788962,-0.49125442,-0.119481236,-0.48727506,0.49850062,0.03869303,-0.49850062,-0.03869303,0.70311594,0.8927543,-0.7360449,0.8370363,0.78536487,1.8096685,-0.8393789,1.6230944,0.844093,2.0604727,-0.91506934,1.8427161,0.75178087,2.0550387,-0.8165247,1.83177,0.70497406,1.9618458,-0.76932335,1.7523421,0.3084102,1.9165539,-0.38702014,1.9238936,0.27321425,3.4489427,-0.39633226,3.4636877,0.24504678,4.8229547,-0.3945477,4.828952,0.259285,5.036653,-0.40010184,5.045038,0.11784027,5.263765,-0.30385348,5.2555566,normal
-0.039579246,-0.650013,0.031929255,-0.79488003,0.07346634,-0.79362494,0.10502287,-0.7897881,-0.09780011,-0.78720605,-0.13477866,-0.78673977,-0.17253616,-0.78274316,0.17922576,-0.7249635,-0.20717739,-0.72161037,0.036899146,-0.5009205,-0.1205648,-0.49955776,0.4985371,0.038220067,-0.4985371,-0.038220067,0.70553696,0.8937189,-0.735617,0.8355485,0.7769165,1.8326639,-0.8407329,1.6307119,0.836932,2.094158,-0.9239171,1.8513962,0.7294991,2.0921106,-0.82459813,1.84595,0.6864355,1.9923267,-0.77471465,1.7652508,0.30479124,1.9196712,-0.3874086,1.9225384,0.2693034,3.4575348,-0.3946592,3.4642124,0.24734013,4.834334,-0.39116916,4.8272896,0.2619056,5.0530457,-0.39512217,5.0425897,0.123556264,5.270479,-0.30195674,5.2614326,normal
-0.04124238,-0.6580106,0.030651677,-0.80164963,0.07251189,-0.7999269,0.10390943,-0.7953638,-0.09862896,-0.79400796,-0.13559946,-0.7930721,-0.17326896,-0.78764683,0.17849863,-0.72690904,-0.2075796,-0.7233497,0.0356191,-0.5100228,-0.122503,-0.5073559,0.49862215,0.03709378,-0.49862215,-0.03709378,0.710257,0.8941527,-0.7366589,0.8261061,0.7769461,1.8315839,-0.8426162,1.6258347,0.8376628,2.0923285,-0.9254488,1.8460438,0.72978306,2.0889454,-0.824379,1.8382511,0.6864226,1.9898851,-0.77466977,1.7580827,0.30542308,1.9162774,-0.38803318,1.9185596,0.2692784,3.4503455,-0.39537778,3.4578316,0.2484074,4.818903,-0.38843367,4.809099,0.2625794,5.03692,-0.39455327,5.0202556,0.12635927,5.2466598,-0.29863358,5.2383976,normal
-0.042269927,-0.6677359,0.029574413,-0.8076415,0.07139297,-0.80557096,0.10273275,-0.8002631,-0.09929341,-0.8012385,-0.13618019,-0.8007858,-0.17363958,-0.7950468,0.17702413,-0.72767824,-0.20713246,-0.72564745,0.034512363,-0.51919615,-0.12350686,-0.5182434,0.49858055,0.03764876,-0.49858055,-0.03764876,0.7119535,0.89134985,-0.7375261,0.8259989,0.7874732,1.8278408,-0.8233392,1.671337,0.8524639,2.0867062,-0.89570343,1.9048831,0.7443403,2.0845218,-0.7846915,1.9125149,0.6998721,1.9858782,-0.74188584,1.8251204,0.30067766,1.9119532,-0.3919556,1.9127854,0.26617956,3.443449,-0.3956697,3.4508958,0.2475453,4.8091974,-0.38531092,4.7999344,0.26254293,5.026487,-0.39077902,5.0115395,0.12566888,5.2358217,-0.29525524,5.230444,normal
-0.045160815,-0.6701047,0.028303484,-0.8132315,0.070947796,-0.81143427,0.10263235,-0.80568725,-0.100257084,-0.80707866,-0.13797861,-0.8056248,-0.17462397,-0.79877895,0.17688902,-0.7305009,-0.20686162,-0.7270449,0.034156535,-0.51972604,-0.12427891,-0.5191031,0.49857998,0.03765641,-0.49857998,-0.03765641,0.71599346,0.89128417,-0.7478033,0.82582176,0.7908258,1.8374481,-0.79071486,1.6738745,0.85624284,2.0994794,-0.84540933,1.9079596,0.7485184,2.1023111,-0.7355494,1.9127631,0.7045427,2.0017054,-0.7010844,1.8253485,0.3001648,1.9194099,-0.39281818,1.9197056,0.26618767,3.4675546,-0.3954448,3.474054,0.24824683,4.8454714,-0.38312042,4.8462825,0.26352677,5.064214,-0.38818744,5.063142,0.1264741,5.280193,-0.2930473,5.2842674,normal
-0.04503477,-0.6746239,0.02798072,-0.8161146,0.070727885,-0.814359,0.10240889,-0.80907303,-0.10051211,-0.8097326,-0.13806927,-0.80832446,-0.17499448,-0.8012544,0.17588472,-0.7328377,-0.2080384,-0.728174,0.034310784,-0.52330464,-0.1245788,-0.52212846,0.49864447,0.03679245,-0.49864447,-0.03679245,0.71625924,0.8887999,-0.74855405,0.83157396,0.7925044,1.839616,-0.7983576,1.7263142,0.85720056,2.1015275,-0.85429114,1.9768482,0.7543936,2.104636,-0.7422028,1.9891428,0.70914793,2.0058765,-0.707003,1.8981224,0.29983443,1.9216491,-0.39437896,1.925706,0.26659963,3.4769323,-0.39509848,3.4868228,0.24891321,4.852695,-0.38169014,4.8572903,0.26459137,5.06934,-0.38677022,5.0717173,0.13025865,5.285263,-0.29018357,5.2913876,normal
-0.045693155,-0.6774801,0.0269483,-0.8184812,0.06992539,-0.81708485,0.101677746,-0.8121124,-0.10161742,-0.8121362,-0.13944685,-0.81075627,-0.1765891,-0.8033474,0.17424688,-0.73576254,-0.20899174,-0.7288901,0.03400921,-0.5255616,-0.12516695,-0.52349097,0.49852407,0.038389638,-0.49852407,-0.038389638,0.72622675,0.8914048,-0.7490538,0.83262205,0.81121737,1.8472682,-0.794327,1.7241392,0.877741,2.1130447,-0.8510236,1.9714446,0.7711047,2.1191263,-0.7395849,1.9813437,0.7257188,2.0181851,-0.7041092,1.8915169,0.30193892,1.9363098,-0.39393318,1.9369435,0.27742678,3.503874,-0.39002225,3.5114625,0.26409873,4.8818226,-0.37981576,4.889772,0.28266752,5.1007614,-0.38506025,5.1094065,0.13975124,5.3215966,-0.28578475,5.3286343,normal
-0.044830512,-0.67590964,0.026734378,-0.81885237,0.07043781,-0.81771326,0.102414995,-0.8129327,-0.10151434,-0.8124933,-0.13849625,-0.81127965,-0.17621386,-0.80423915,0.17469367,-0.73738855,-0.20866889,-0.73031867,0.035484098,-0.5255795,-0.12324512,-0.52403575,0.49863425,0.036930647,-0.49863425,-0.036930647,0.72058886,0.89390683,-0.7463986,0.844582,0.8134712,1.8459274,-0.7905801,1.757478,0.87845695,2.1123278,-0.8503614,2.0035641,0.77365166,2.1186569,-0.73931277,2.0176098,0.7283298,2.0176148,-0.70310396,1.924582,0.31643072,1.939446,-0.38340944,1.9546177,0.325657,3.510551,-0.3362814,3.5384965,0.34945908,4.8996496,-0.27908048,4.9249754,0.3721351,5.1201973,-0.28318655,5.146393,0.24574998,5.3432446,-0.16188866,5.3611717,normal
-0.04304596,-0.6749278,0.027967585,-0.8183465,0.07129134,-0.8169277,0.10311219,-0.8129669,-0.10070405,-0.8112268,-0.13820687,-0.8100339,-0.17600441,-0.80398214,0.17536673,-0.7382435,-0.21299042,-0.72904193,0.037141178,-0.52603894,-0.12216646,-0.52244014,0.49872223,0.03572317,-0.49872223,-0.03572317,0.7223096,0.8917842,-0.743727,0.85596913,0.8353572,1.8446106,-0.7978515,1.7700682,0.9135659,2.1118858,-0.8750819,2.0114295,0.8158638,2.12051,-0.7696593,2.0317457,0.7662642,2.0193427,-0.72407585,1.9402556,0.3262843,1.9388218,-0.37194934,1.9566661,0.34268606,3.506952,-0.31756634,3.5399694,0.36522838,4.9028487,-0.26501492,4.926387,0.385709,5.1235447,-0.27196032,5.1480136,0.27186838,5.345938,-0.14687383,5.361764,normal
-0.041696217,-0.6745821,0.028405454,-0.8183969,0.0713388,-0.81696457,0.10327096,-0.81310296,-0.100595064,-0.81095237,-0.13821551,-0.8089577,-0.17605413,-0.802815,0.17510681,-0.738302,-0.21545918,-0.72724545,0.039337173,-0.52582914,-0.12073092,-0.5210356,0.49884745,0.033929676,-0.49884745,-0.033929676,0.72882265,0.87755585,-0.7443312,0.85810673,0.85032034,1.8416749,-0.82189167,1.7612778,0.9337331,2.1047184,-0.90652895,1.9950881,0.8360846,2.1189647,-0.8001413,2.0113554,0.7835741,2.0203025,-0.75206685,1.9253184,0.3282748,1.9395174,-0.3705543,1.9579816,0.34142897,3.511478,-0.3203821,3.542858,0.35963634,4.9160786,-0.2666629,4.9366245,0.37979802,5.1368494,-0.2737918,5.157313,0.26185438,5.3581243,-0.15385805,5.3735876,normal
-0.043358475,-0.6598558,0.02656002,-0.8122287,0.06968592,-0.81118053,0.10134545,-0.80780137,-0.102668986,-0.8045255,-0.13978906,-0.80166125,-0.17775348,-0.7962984,0.17431895,-0.73739254,-0.21728344,-0.7266774,0.037513062,-0.5146565,-0.121962465,-0.5074188,0.4987267,0.03566057,-0.4987267,-0.03566057,0.7288207,0.87932295,-0.74523604,0.84768,0.8546441,1.8390925,-0.8426158,1.6771437,0.94042003,2.1015878,-0.9407012,1.8954545,0.85008395,2.117979,-0.83421403,1.8955381,0.7946169,2.0203893,-0.7797007,1.8163192,0.32453597,1.9357518,-0.37367645,1.9478264,0.3313707,3.5041153,-0.33134848,3.5299973,0.3370589,4.9160047,-0.29728156,4.934759,0.35258937,5.1379004,-0.30930758,5.1575184,0.24655986,5.348259,-0.18132415,5.3595567,normal
-0.046362065,-0.63078976,0.024863621,-0.7859027,0.06879198,-0.7875314,0.10052625,-0.78701586,-0.10370785,-0.7804868,-0.14040662,-0.77888966,-0.1783041,-0.77493584,0.17364126,-0.7331987,-0.21569675,-0.72360045,0.034431387,-0.48309168,-0.122905456,-0.4756951,0.4986162,0.037173778,-0.4986162,-0.037173778,0.7252343,0.88033235,-0.75057524,0.8324596,0.83397025,1.8294448,-0.84274614,1.6806548,0.9017302,2.083035,-0.9394324,1.8979515,0.8153443,2.089362,-0.8316837,1.9035445,0.7636528,1.995874,-0.77850986,1.8229609,0.32176948,1.9337595,-0.37434426,1.9458052,0.32813534,3.4898958,-0.3319988,3.5207167,0.3353737,4.8881946,-0.29782617,4.9160876,0.35113224,5.108868,-0.3050108,5.1367097,0.24233888,5.3254085,-0.18379055,5.34175,normal
-0.047671314,-0.64706665,0.024609586,-0.79825056,0.068890944,-0.79996425,0.10062812,-0.7982226,-0.10420244,-0.7912935,-0.14152002,-0.7897612,-0.17921677,-0.7837256,0.17370375,-0.7365945,-0.21536382,-0.7244897,0.033712205,-0.4986471,-0.12576674,-0.49214256,0.4986186,0.037141323,-0.4986186,-0.037141323,0.72233355,0.88155776,-0.7521513,0.82927793,0.8195849,1.8282759,-0.85964787,1.6610175,0.88534224,2.0813618,-0.95219344,1.8826783,0.7941756,2.0865219,-0.84207594,1.8813219,0.7445555,1.9938912,-0.7897418,1.8029726,0.32215297,1.932548,-0.37419116,1.9438248,0.3217532,3.48784,-0.34765297,3.5150816,0.32010698,4.8825045,-0.3174126,4.8982987,0.33694154,5.102847,-0.32119954,5.1146026,0.21399714,5.3174143,-0.21304554,5.3291025,normal
-0.058940172,-0.6471109,0.017315717,-0.7980947,0.06259934,-0.7997185,0.0967715,-0.79798925,-0.10895023,-0.79109865,-0.1463373,-0.7895732,-0.18250912,-0.78368807,0.17070985,-0.73617345,-0.2152082,-0.72458196,0.025625495,-0.49894133,-0.13273071,-0.49248034,0.4984441,0.03941409,-0.4984441,-0.03941409,0.71453035,0.88587487,-0.75435215,0.8208397,0.8012539,1.8242505,-0.8574677,1.6362435,0.8638582,2.0757015,-0.94252527,1.8639284,0.7722907,2.0765042,-0.8319122,1.8545501,0.724473,1.9827961,-0.78365606,1.7736127,0.3088564,1.9297483,-0.386311,1.9352539,0.3011562,3.479446,-0.36623856,3.4934487,0.29792395,4.8640985,-0.33645034,4.866615,0.31730464,5.0828342,-0.33758295,5.08222,0.1748775,5.2983627,-0.24335194,5.296022,normal
-0.060198512,-0.6487385,0.0166841,-0.79884654,0.062091336,-0.80045974,0.09622196,-0.7986088,-0.11025398,-0.79221785,-0.14888401,-0.7905368,-0.18388999,-0.784497,0.17001386,-0.736155,-0.21545902,-0.72454596,0.024758674,-0.50014496,-0.1361538,-0.4944173,0.4984052,0.039903168,-0.4984052,-0.039903168,0.71337485,0.8838144,-0.75526017,0.81457675,0.8052919,1.8282623,-0.8584468,1.5994263,0.8742254,2.0815003,-0.9424715,1.8179294,0.7752347,2.0802734,-0.83273816,1.801379,0.72622794,1.988041,-0.7844095,1.7284391,0.3101542,1.9302294,-0.38592035,1.934393,0.30069527,3.4779332,-0.36626136,3.4898324,0.29515496,4.8581347,-0.339856,4.8605766,0.31435063,5.076561,-0.34178725,5.0755997,0.1695494,5.2926974,-0.24834368,5.2904654,normal
-0.05976257,-0.6661491,0.017088937,-0.80978537,0.062495142,-0.81037366,0.09665159,-0.8076577,-0.11000582,-0.8030857,-0.14860523,-0.8007807,-0.18367557,-0.7937138,0.1704573,-0.73953533,-0.21509352,-0.7272056,0.02526306,-0.5156863,-0.13604543,-0.5102325,0.49841502,0.03978016,-0.49841502,-0.03978016,0.71277905,0.8839881,-0.7570465,0.8130756,0.80645734,1.8299139,-0.84973115,1.6050844,0.8756002,2.085291,-0.9297861,1.824708,0.77677226,2.0852225,-0.8160975,1.8086859,0.7274314,1.9915122,-0.7703241,1.7352545,0.31337342,1.9308848,-0.38446307,1.9353122,0.3067593,3.4802175,-0.36076564,3.493128,0.3086501,4.8617945,-0.32363927,4.8647447,0.32963765,5.080332,-0.3268873,5.07899,0.19113472,5.295426,-0.21850297,5.296356,normal
-0.0622586,-0.6352417,0.01454403,-0.7899827,0.06089776,-0.79228365,0.09535447,-0.79223406,-0.111862615,-0.7799643,-0.14962421,-0.7770836,-0.18524933,-0.7735929,0.16959536,-0.7344201,-0.21469419,-0.7224089,0.022910098,-0.489066,-0.13589291,-0.4841197,0.49842104,0.039704636,-0.49842104,-0.039704636,0.71018374,0.88417625,-0.75732726,0.8165468,0.8085723,1.8344618,-0.85067695,1.6253768,0.87808126,2.0929158,-0.9307219,1.8494035,0.781423,2.099736,-0.8184007,1.8440859,0.73112756,2.004142,-0.77252007,1.7659254,0.31290027,1.933009,-0.384237,1.9377875,0.30791056,3.4847322,-0.3568943,3.497864,0.30962813,4.8711824,-0.32247683,4.8782244,0.33048794,5.0904994,-0.32607725,5.0956597,0.192043,5.305774,-0.21836631,5.3088036,normal
-0.058797326,-0.6349922,0.015214478,-0.7895768,0.06104419,-0.79179424,0.09534455,-0.7916274,-0.11158765,-0.7796368,-0.1491904,-0.7768193,-0.18536097,-0.7731021,0.16899048,-0.73255336,-0.21584171,-0.7180474,0.024744555,-0.48884627,-0.13499928,-0.48372757,0.4985522,0.038022496,-0.4985522,-0.038022496,0.71341497,0.87950546,-0.7577111,0.81989133,0.8150614,1.8024365,-0.85132957,1.6271712,0.88361454,2.0582638,-0.9312792,1.8517505,0.78964144,2.0598338,-0.8201053,1.8447615,0.7382454,1.9676057,-0.77388906,1.765509,0.3163774,1.931955,-0.37825483,1.9403223,0.3172961,3.4785,-0.34305108,3.4989562,0.3299289,4.8609,-0.29646504,4.8745103,0.35136208,5.0808644,-0.29796112,5.091618,0.21714842,5.289675,-0.19133657,5.3007946,normal
-0.064939916,-0.6347192,0.011240482,-0.7889453,0.05667317,-0.79144216,0.09240183,-0.7908923,-0.11386727,-0.7787124,-0.15157814,-0.77600485,-0.18696624,-0.77217007,0.16732682,-0.7315314,-0.2152439,-0.71712893,0.02031155,-0.4893352,-0.13846298,-0.48378584,0.49856198,0.03789391,-0.49856198,-0.03789391,0.70866084,0.89017653,-0.7535414,0.8216334,0.78980064,1.8165703,-0.82951516,1.6817678,0.8466777,2.067802,-0.89534616,1.9204994,0.75253004,2.0637422,-0.7913658,1.9221282,0.7059776,1.9688561,-0.74879515,1.8346188,0.3071342,1.9270858,-0.3845646,1.93359,0.28765932,3.4703846,-0.3707683,3.487815,0.27422294,4.8499207,-0.35271126,4.8629613,0.28946117,5.069148,-0.3535881,5.079822,0.15419382,5.2777505,-0.2686202,5.2868743,normal
-0.06487418,-0.6352514,0.011389071,-0.79066926,0.05684884,-0.79332286,0.09250997,-0.7923176,-0.11380869,-0.7803255,-0.151507,-0.7781255,-0.18690641,-0.7742477,0.1673053,-0.73200166,-0.21504737,-0.7186291,0.020379907,-0.49051192,-0.13846081,-0.4855391,0.49854252,0.03814913,-0.49854252,-0.03814913,0.70908904,0.8950894,-0.7528499,0.82720536,0.7907627,1.8436244,-0.7908941,1.7199796,0.84854305,2.1039748,-0.8522956,1.965315,0.7551779,2.1089714,-0.7409002,1.9697444,0.70810103,2.010824,-0.7015246,1.8801144,0.30736655,1.9269136,-0.3844011,1.9335117,0.28885463,3.4740112,-0.36734474,3.4909852,0.276178,4.855119,-0.350794,4.8702497,0.29165944,5.072405,-0.35252902,5.0873375,0.15745866,5.2919874,-0.26202363,5.301786,normal
-0.060170226,-0.62984705,0.01321709,-0.7869092,0.059046477,-0.7894618,0.09346256,-0.7891644,-0.11354971,-0.7768087,-0.15070859,-0.7740248,-0.18693402,-0.77042425,0.16872323,-0.73082685,-0.21544455,-0.7173357,0.024581734,-0.4850516,-0.1342604,-0.47747767,0.4985241,0.038389195,-0.4985241,-0.038389195,0.70804286,0.8879983,-0.75013965,0.8287571,0.7895589,1.8362483,-0.79348797,1.7182935,0.84788346,2.0973744,-0.85646033,1.9618912,0.7563682,2.0987995,-0.74203277,1.9654917,0.7088016,2.001565,-0.70359534,1.8750654,0.3063932,1.9223229,-0.38565058,1.9300036,0.2893758,3.4723964,-0.36760294,3.4877434,0.27770004,4.8531632,-0.34851053,4.8661246,0.2920658,5.0693793,-0.34813124,5.0815268,0.16765131,5.289776,-0.25699967,5.2972655,normal
-0.058162473,-0.6237139,0.014810767,-0.7807849,0.0609599,-0.7832669,0.09494719,-0.7838672,-0.112350315,-0.7717081,-0.1489353,-0.7683813,-0.18572418,-0.7652534,0.1704387,-0.7299544,-0.21459067,-0.7175215,0.02584196,-0.47810882,-0.13217592,-0.4696099,0.498517,0.038480945,-0.498517,-0.038480945,0.70507485,0.88259035,-0.7504121,0.8290963,0.79071933,1.8238851,-0.7870351,1.7112428,0.8494243,2.0805333,-0.8456086,1.9556236,0.75894946,2.0793216,-0.73528636,1.9523792,0.711228,1.9848278,-0.69697875,1.8620119,0.30663264,1.9245191,-0.38556716,1.9324076,0.29023904,3.4768052,-0.36760256,3.4920843,0.28040823,4.859502,-0.34594163,4.872247,0.29540488,5.0757914,-0.34477085,5.087615,0.16909897,5.2968364,-0.25013328,5.30415,normal
-0.058349624,-0.63969725,0.015420883,-0.7892472,0.06117797,-0.7907412,0.095169954,-0.78938097,-0.11149311,-0.78132373,-0.14815208,-0.7797201,-0.18466346,-0.77518815,0.17015727,-0.72991085,-0.21333872,-0.7188236,0.024998719,-0.493329,-0.13390902,-0.4888256,0.49864537,0.036780242,-0.49864537,-0.036780242,0.7108398,0.8808081,-0.7486082,0.8330066,0.8006611,1.8371849,-0.78621733,1.7461848,0.86689484,2.0989192,-0.8491287,1.9938463,0.76996535,2.1145663,-0.7367182,2.0142958,0.72266924,2.0147316,-0.6984436,1.9222863,0.30729535,1.922941,-0.38415006,1.930885,0.2931133,3.4738483,-0.36255577,3.489043,0.28309938,4.854454,-0.3437617,4.8675485,0.30019566,5.0705113,-0.34223327,5.083834,0.17117523,5.2916503,-0.24808761,5.299557,normal
-0.05857624,-0.63342476,0.014907417,-0.78755915,0.06072373,-0.7890525,0.094497085,-0.7878219,-0.11182091,-0.77931005,-0.1483407,-0.77731466,-0.18488216,-0.7730962,0.16948646,-0.7288857,-0.2135911,-0.71714133,0.024660477,-0.48811847,-0.13351,-0.48333514,0.4986344,0.036928963,-0.4986344,-0.036928963,0.7099666,0.8798377,-0.7491142,0.83844966,0.79568905,1.8149252,-0.78689,1.7480471,0.8563123,2.0727346,-0.85095686,1.993608,0.7609028,2.0724742,-0.73915577,2.0023553,0.71446794,1.976008,-0.7004189,1.9114968,0.3077894,1.9169947,-0.3841833,1.9290324,0.2999606,3.463893,-0.3559245,3.4856348,0.30049512,4.8443713,-0.3194693,4.860978,0.31694198,5.060726,-0.31478998,5.0771565,0.19400962,5.281068,-0.22561783,5.287269,normal
-0.057799544,-0.6276451,0.015851293,-0.7832386,0.06189781,-0.7839604,0.095623,-0.7830558,-0.11119064,-0.7768268,-0.14776903,-0.7747219,-0.18445154,-0.77155215,0.17111674,-0.72754997,-0.21314684,-0.7178893,0.02543505,-0.4800249,-0.13287406,-0.47661155,0.49863687,0.0368955,-0.49863687,-0.0368955,0.7076593,0.8824391,-0.7494343,0.83936775,0.8039971,1.8291818,-0.78787863,1.7778064,0.86965245,2.0905187,-0.8542374,2.0319147,0.7790531,2.1024008,-0.74041265,2.0522141,0.731572,2.003504,-0.7013876,1.9579129,0.30989283,1.9239762,-0.3814298,1.9369301,0.3102556,3.478175,-0.3421734,3.5015585,0.31922865,4.8692737,-0.29833195,4.890929,0.33805045,5.087203,-0.2990334,5.110423,0.21404175,5.3119493,-0.19630744,5.323798,normal
-0.055254642,-0.6311972,0.017118793,-0.7849261,0.06259676,-0.7850929,0.09600507,-0.7838947,-0.11072115,-0.77830577,-0.14732784,-0.7770558,-0.1840702,-0.77310115,0.17120619,-0.72667146,-0.21490687,-0.71685976,0.027294267,-0.48367745,-0.13242424,-0.47975135,0.4986777,0.036339466,-0.4986777,-0.036339466,0.7080902,0.88263357,-0.74789226,0.8372815,0.80564314,1.8239803,-0.8039862,1.7263272,0.8704322,2.0868418,-0.880575,1.9632013,0.78080314,2.0958729,-0.7715695,1.9676106,0.7334505,1.9972613,-0.72661716,1.8809674,0.31795532,1.9236219,-0.3744647,1.9422653,0.33451188,3.476225,-0.31855696,3.502358,0.362645,4.8618345,-0.2576652,4.888274,0.3851046,5.0788355,-0.2577003,5.107543,0.25989008,5.3046117,-0.14842167,5.3207164,normal
-0.05472581,-0.63294315,0.016867261,-0.78690183,0.0625605,-0.78724194,0.09583038,-0.7857942,-0.110436305,-0.77951634,-0.14688854,-0.77812296,-0.18401027,-0.77405024,0.17168097,-0.72748536,-0.21464463,-0.71620023,0.027856082,-0.4851593,-0.13175255,-0.48037767,0.49862784,0.037017137,-0.49862784,-0.037017137,0.7025302,0.88538945,-0.7512764,0.8203873,0.8049706,1.8267592,-0.82902473,1.6233362,0.87192494,2.0870788,-0.9092437,1.8488334,0.781641,2.0975099,-0.80103844,1.8471389,0.7336581,1.9994496,-0.75669277,1.7676084,0.30905792,1.9279766,-0.38520992,1.9373916,0.30230442,3.4836106,-0.37401602,3.4987988,0.29406673,4.8733325,-0.36394924,4.8936214,0.31226552,5.0918126,-0.37168452,5.1150336,0.17533149,5.3149056,-0.2715936,5.323515,normal
-0.0594604,-0.6197073,0.015055754,-0.77735865,0.061544254,-0.7786661,0.095316835,-0.77868134,-0.11299558,-0.77040505,-0.15096842,-0.7694712,-0.1868463,-0.76791185,0.17150067,-0.7254378,-0.21458529,-0.71530163,0.023774872,-0.47403538,-0.13587406,-0.4705845,0.4986341,0.036933035,-0.4986341,-0.036933035,0.70711917,0.89232326,-0.7544206,0.8262578,0.79888576,1.8564079,-0.8430515,1.6605406,0.8613658,2.128059,-0.9262513,1.890774,0.76010233,2.1365416,-0.81676304,1.8960922,0.71533674,2.034268,-0.76894504,1.8147719,0.30898687,1.9371026,-0.38479453,1.9471505,0.30263194,3.4969513,-0.37191772,3.5129237,0.2960747,4.8861976,-0.35969114,4.898414,0.31435344,5.105259,-0.36408377,5.1183677,0.17742135,5.3329253,-0.26686013,5.334381,normal
-0.05865035,-0.6338335,0.015167465,-0.78672904,0.061542135,-0.78767306,0.09515238,-0.7865424,-0.11289087,-0.7782206,-0.15082999,-0.7775263,-0.18675114,-0.77360624,0.1705957,-0.7273978,-0.21543978,-0.7163352,0.024096476,-0.48736677,-0.13588628,-0.48092008,0.49866128,0.036564,-0.49866128,-0.036564,0.7104392,0.8912158,-0.75527835,0.8269097,0.8077119,1.8569149,-0.8554694,1.6557729,0.8753888,2.1261556,-0.9414649,1.8821925,0.7690216,2.1329901,-0.8301058,1.8821999,0.72246957,2.0318246,-0.78021616,1.8023049,0.31318364,1.9357862,-0.38235602,1.9500276,0.31554583,3.4938102,-0.3537074,3.513219,0.31841302,4.882641,-0.31766757,4.8945885,0.3394847,5.101905,-0.31899348,5.114377,0.19991829,5.328296,-0.21932983,5.3298316,normal
-0.0550357,-0.62621045,0.017023219,-0.7848569,0.06293816,-0.78622884,0.09619738,-0.785691,-0.11236334,-0.7754257,-0.14995088,-0.77320904,-0.18666133,-0.769246,0.17167066,-0.72779495,-0.2163415,-0.713596,0.027418165,-0.48152703,-0.13243034,-0.4707301,0.49883503,0.034112018,-0.49883503,-0.034112018,0.7100046,0.8881646,-0.7548227,0.82812375,0.8274842,1.8588679,-0.8563807,1.6813743,0.9053127,2.1248596,-0.94043916,1.9115846,0.8140258,2.1334114,-0.83213633,1.9090245,0.7574192,2.03588,-0.78222555,1.8291266,0.3138793,1.9333147,-0.3820829,1.9475509,0.31283537,3.4928408,-0.35423216,3.511454,0.31129164,4.884909,-0.32021567,4.8964486,0.32970828,5.1036105,-0.32085982,5.1145897,0.19793494,5.326887,-0.2245183,5.3305397,normal
-0.051161617,-0.62036324,0.019027306,-0.7810773,0.064347036,-0.7829134,0.09712848,-0.7830273,-0.110284366,-0.7710505,-0.14747997,-0.7676836,-0.1850838,-0.763506,0.1722926,-0.7265554,-0.21603237,-0.71169245,0.03016922,-0.4759404,-0.12745869,-0.46421042,0.4988078,0.034507636,-0.4988078,-0.034507636,0.7086902,0.8874774,-0.7532091,0.8284639,0.8274963,1.8554636,-0.83784056,1.7218838,0.9045715,2.1169944,-0.9112487,1.9656552,0.8174448,2.12074,-0.8089876,1.9597278,0.7594189,2.028093,-0.760446,1.8747112,0.31389633,1.9307657,-0.38164905,1.9462415,0.31223753,3.4914105,-0.3535969,3.5102322,0.31168333,4.8832183,-0.31689727,4.895071,0.32995155,5.101754,-0.315178,5.112754,0.20183271,5.3233027,-0.2227894,5.3284283,normal
-0.05240914,-0.5962836,0.017741896,-0.7551257,0.0630782,-0.759583,0.0957687,-0.7617999,-0.11173464,-0.7451328,-0.14897694,-0.74267,-0.18669154,-0.7377008,0.17110023,-0.7183726,-0.21764491,-0.7026037,0.02896134,-0.45211816,-0.12801109,-0.4377756,0.49878967,0.034768853,-0.49878967,-0.034768853,0.7072086,0.8869975,-0.7539168,0.82308733,0.7777665,1.8434386,-0.84019274,1.6444073,0.8302172,2.108194,-0.9191529,1.8679402,0.74030066,2.1035035,-0.81812286,1.8464952,0.6925773,2.0099251,-0.7659901,1.7685289,0.31837335,1.9256432,-0.376017,1.938161,0.3134253,3.4793444,-0.35012347,3.491523,0.31300402,4.8730254,-0.31178,4.8717427,0.33110818,5.0905337,-0.30944917,5.0852923,0.20138933,5.3118668,-0.21820289,5.3105097,normal
-0.051956575,-0.59129286,0.019159103,-0.74810773,0.06448416,-0.7529983,0.09659576,-0.7545494,-0.110587254,-0.739104,-0.14805554,-0.7377335,-0.18631656,-0.7330657,0.17154486,-0.7158634,-0.21698888,-0.70259744,0.0295783,-0.44821116,-0.12681702,-0.43508586,0.4987863,0.03481687,-0.4987863,-0.03481687,0.71174484,0.8860439,-0.75478,0.8238369,0.80893433,1.8641766,-0.8451312,1.7150193,0.87637854,2.130872,-0.9210474,1.9554487,0.7828954,2.1411724,-0.81863725,1.9636402,0.73097575,2.0432673,-0.7676674,1.8783803,0.31391615,1.926989,-0.37708154,1.9400854,0.31304258,3.4840815,-0.35008764,3.4959514,0.31357402,4.8829565,-0.30934432,4.884325,0.33140814,5.10298,-0.30806866,5.1034265,0.20442933,5.3211403,-0.21513829,5.3155107,normal
-0.050704405,-0.55951774,0.021087477,-0.72176415,0.066143624,-0.72843695,0.09851317,-0.7326196,-0.11041364,-0.7098549,-0.1480874,-0.70833457,-0.18643548,-0.70348454,0.17289838,-0.70033234,-0.21724938,-0.6803839,0.030426683,-0.41690844,-0.1260691,-0.4013425,0.49875104,0.035318617,-0.49875104,-0.035318617,0.7121622,0.88562036,-0.755241,0.82336724,0.80827284,1.8573914,-0.8328573,1.6772834,0.8712413,2.1215985,-0.89447147,1.9163644,0.778709,2.1126964,-0.790128,1.8774765,0.72696203,2.0223103,-0.7442026,1.7999415,0.3166276,1.9308304,-0.37703153,1.9433292,0.31347772,3.4896498,-0.3518142,3.5007184,0.31347921,4.882436,-0.30948612,4.883771,0.33135214,5.0991216,-0.30804795,5.0979757,0.20223679,5.322054,-0.21514238,5.3203535,normal
-0.05070848,-0.5556137,0.021202132,-0.7180265,0.066489756,-0.72474426,0.098968074,-0.729085,-0.11051045,-0.70666015,-0.14833066,-0.70531005,-0.18692078,-0.70088744,0.17386125,-0.69822174,-0.21751468,-0.67881954,0.030603869,-0.41233748,-0.12604335,-0.3984966,0.49875155,0.03531137,-0.49875155,-0.03531137,0.71124434,0.8829057,-0.75494665,0.82200795,0.8076067,1.8508766,-0.8313888,1.6307662,0.868957,2.1107578,-0.89224905,1.8630211,0.7776345,2.0877898,-0.78859764,1.8033735,0.72556627,2.0014732,-0.74214685,1.7302841,0.31876144,1.9305855,-0.37639648,1.9431075,0.31516546,3.4884517,-0.35156965,3.5002317,0.31767896,4.878972,-0.3042813,4.8796387,0.3360361,5.094585,-0.29886347,5.089983,0.2056449,5.31813,-0.21084411,5.3168125,normal
-0.042275302,-0.52064574,0.029813435,-0.6858935,0.07324252,-0.6911589,0.10575407,-0.69290435,-0.10201691,-0.68434745,-0.14083111,-0.6857517,-0.18057716,-0.68411386,0.17971142,-0.67496145,-0.21267226,-0.6710946,0.036918122,-0.38299385,-0.1186457,-0.36741948,0.49914443,0.029237412,-0.49914443,-0.029237412,0.70879734,0.87306875,-0.74547815,0.82157934,0.791732,1.8345199,-0.7919157,1.692673,0.84432864,2.0937433,-0.8444478,1.9315335,0.7558568,2.0728092,-0.7461318,1.8867003,0.70641553,1.9855152,-0.70268893,1.8065714,0.31901336,1.9116303,-0.37125757,1.925282,0.315498,3.4606774,-0.34487635,3.4766614,0.31558782,4.840848,-0.2997734,4.8516836,0.3321385,5.0521755,-0.2952668,5.061022,0.2039434,5.286204,-0.20901203,5.289159,normal
-0.029267134,-0.5074444,0.04236619,-0.6736184,0.08189917,-0.6776934,0.11631189,-0.67894137,-0.08831295,-0.67448276,-0.12916762,-0.67674065,-0.16853371,-0.6761564,0.18670653,-0.6623028,-0.20526764,-0.66381025,0.046577115,-0.37339842,-0.10702802,-0.35721293,0.4994563,0.023311332,-0.4994563,-0.023311332,0.70637655,0.857575,-0.7396097,0.80805784,0.8027128,1.8095458,-0.7806829,1.7275137,0.87088937,2.0709505,-0.83690834,1.9701115,0.77920586,2.0712237,-0.7380727,1.9654052,0.7271177,1.9760059,-0.6958176,1.8756634,0.32016385,1.8895814,-0.36342254,1.9082634,0.31803545,3.4166431,-0.33512363,3.439668,0.3179762,4.7831016,-0.29112035,4.8054137,0.33416808,4.993888,-0.2872194,5.019626,0.20792484,5.2303452,-0.19984634,5.2358975,normal
-0.020035297,-0.5124929,0.05016575,-0.67524403,0.0868833,-0.67855495,0.12508251,-0.6814558,-0.081102714,-0.6756431,-0.12402334,-0.6777101,-0.1621813,-0.6779487,0.19041234,-0.6630694,-0.2031748,-0.66367036,0.053183503,-0.3763796,-0.09915383,-0.36124113,0.4996927,0.01752732,-0.4996927,-0.01752732,0.70737016,0.84969604,-0.7364918,0.82171476,0.8248876,1.7958236,-0.77004606,1.770761,0.9050545,2.0559447,-0.82382375,2.0144305,0.81367314,2.0641797,-0.7248793,2.0197704,0.7576904,1.9676532,-0.6851367,1.925859,0.32089972,1.8754637,-0.35918733,1.8986682,0.3228787,3.3919733,-0.32188562,3.4221032,0.3267504,4.7500896,-0.2749504,4.779789,0.34218782,4.9604263,-0.27286583,4.994382,0.22142543,5.2012806,-0.18141018,5.207182,normal
-0.012929097,-0.5075117,0.05617359,-0.6699155,0.090892285,-0.6728114,0.13114524,-0.6760978,-0.07457228,-0.6703965,-0.119186535,-0.6726389,-0.15706696,-0.67294735,0.19356127,-0.657369,-0.20098962,-0.6587113,0.058747057,-0.3724197,-0.09326902,-0.35594577,0.49979284,0.014390957,-0.49979284,-0.014390957,0.71238023,0.8427657,-0.7317463,0.85322595,0.80399203,1.7878115,-0.75844526,1.8388772,0.8684589,2.0545816,-0.81191003,2.0962963,0.76610893,2.0732603,-0.7098107,2.11742,0.7211161,1.9701073,-0.6711609,2.0152125,0.3235524,1.8623589,-0.35242262,1.8910507,0.33127233,3.3713114,-0.30261853,3.4167962,0.33015037,4.718845,-0.2676968,4.7731147,0.34480265,4.9271007,-0.26710197,4.9927177,0.22325636,5.18483,-0.17715807,5.20278,normal
-0.010039057,-0.48289582,0.05888669,-0.64512795,0.093753815,-0.64918405,0.13409954,-0.65224993,-0.07128283,-0.64742726,-0.11581404,-0.6522073,-0.15350363,-0.65345126,0.19658633,-0.6399965,-0.1989196,-0.6442726,0.061272647,-0.35132742,-0.0900741,-0.33514065,0.49981308,0.013670757,-0.49981308,-0.013670757,0.7206699,0.84022295,-0.7248762,0.8457767,0.72778547,1.7473017,-0.55985886,1.6467999,0.74466944,1.9957396,-0.5527861,1.8786047,0.64298195,1.9586482,-0.4620547,1.7855797,0.61228675,1.8658352,-0.44517148,1.701195,0.32626197,1.8481029,-0.3516107,1.8693067,0.3327825,3.3498514,-0.30405593,3.3868487,0.32843995,4.6892295,-0.28408247,4.740578,0.3426915,4.894613,-0.28839085,4.956597,0.21446942,5.1594505,-0.1921297,5.1696186,normal
-0.010777782,-0.45481643,0.05836208,-0.6222809,0.09348336,-0.62764305,0.13369563,-0.63462925,-0.07193992,-0.622065,-0.11630218,-0.62819904,-0.15423325,-0.6328284,0.19783802,-0.6336295,-0.19876763,-0.63907015,0.06040675,-0.3292629,-0.090540536,-0.30867997,0.49984878,0.012296158,-0.49984878,-0.012296158,0.7122028,0.8381356,-0.70314187,0.8386358,0.7248923,1.7662519,-0.5996946,1.7385088,0.7563193,2.0152497,-0.6198566,1.9859419,0.65836513,2.0063128,-0.5261755,1.9519995,0.6220979,1.9114363,-0.49943095,1.8583925,0.32679075,1.82783,-0.3447154,1.847213,0.32888028,3.3180285,-0.30244535,3.3535643,0.31671906,4.648682,-0.28810763,4.6962905,0.32995775,4.851101,-0.29187945,4.910472,0.19450761,5.1212497,-0.21089613,5.124824,normal
0.0016230128,-0.42807457,0.069141105,-0.59968954,0.104760826,-0.6065968,0.14433119,-0.614436,-0.06151045,-0.5989317,-0.10736754,-0.60551196,-0.14633158,-0.6116131,0.20478377,-0.620766,-0.19571953,-0.6247695,0.0668366,-0.30356422,-0.0812305,-0.28124785,0.4998851,0.010717367,-0.4998851,-0.010717367,0.7067123,0.8313106,-0.697221,0.8374108,0.73416257,1.7651174,-0.59590524,1.7373958,0.781808,2.0263472,-0.6231649,1.9839388,0.68562335,2.0303452,-0.5299677,1.958561,0.6427242,1.9325387,-0.5004795,1.8646071,0.3309263,1.815054,-0.33702457,1.8348738,0.33513734,3.2906175,-0.28541347,3.328599,0.321588,4.6129336,-0.267675,4.6533427,0.33409718,4.8137455,-0.27346697,4.8604913,0.20492944,5.0817046,-0.18022162,5.0867567,normal
0.0007963689,-0.4190751,0.06896881,-0.5906254,0.10547444,-0.59804523,0.14430003,-0.6058984,-0.060880754,-0.59014595,-0.10736539,-0.5969877,-0.14615841,-0.60335374,0.20541878,-0.61324424,-0.19656882,-0.61775714,0.06556922,-0.29644856,-0.08183343,-0.27581295,0.49989155,0.010413097,-0.49989155,-0.010413097,0.6960748,0.82075596,-0.686734,0.8261245,0.724084,1.7586368,-0.6052725,1.7547694,0.7723839,2.0128062,-0.66135913,2.0056314,0.67758906,2.0167775,-0.5717541,1.9923598,0.6346741,1.9228992,-0.52425796,1.8982733,0.34255275,1.7912375,-0.32324067,1.8135245,0.34690306,3.2519164,-0.26615474,3.2913244,0.34035465,4.5640926,-0.24169652,4.6011605,0.3533603,4.760662,-0.24400434,4.803631,0.22787781,5.0351605,-0.16020907,5.035604,normal
-0.0021205277,-0.41896218,0.06588436,-0.5882456,0.1028613,-0.5954618,0.14186622,-0.603112,-0.064316675,-0.58767396,-0.11056329,-0.5943382,-0.14914104,-0.60042566,0.2045492,-0.60957396,-0.19909681,-0.6140308,0.063822396,-0.29690987,-0.084983304,-0.27522677,0.49989447,0.010271803,-0.49989447,-0.010271803,0.67919195,0.8179101,-0.67657894,0.8013564,0.6958422,1.7392571,-0.6090606,1.7294048,0.74012697,1.9907229,-0.6620788,1.9751291,0.6484245,1.9946,-0.5719583,1.9601035,0.6087314,1.9011257,-0.5277067,1.8682425,0.3489145,1.7723683,-0.31513986,1.794646,0.35653776,3.2192824,-0.2536365,3.2590837,0.35729173,4.5219913,-0.22233714,4.559717,0.3716372,4.716811,-0.22289012,4.7611284,0.24920695,4.988793,-0.14330964,4.989549,normal
-0.0003567004,-0.40981397,0.06915024,-0.58331794,0.10614039,-0.5901472,0.14562349,-0.59819525,-0.062521204,-0.582703,-0.10966589,-0.5898016,-0.14796376,-0.59714484,0.20992464,-0.6069917,-0.1992258,-0.6153613,0.06546416,-0.2873661,-0.08454922,-0.26624125,0.4997795,0.014847624,-0.4997795,-0.014847624,0.6750449,0.81144494,-0.6779132,0.7827182,0.6836858,1.7245793,-0.6772564,1.718013,0.7285233,1.9760364,-0.75267714,1.9616408,0.63636035,1.9812057,-0.6649256,1.9527258,0.5969047,1.8842312,-0.6154377,1.8590331,0.34633824,1.7645874,-0.31779215,1.7842414,0.3520182,3.2105515,-0.27215922,3.244526,0.34583172,4.5104904,-0.25595292,4.5438404,0.3606377,4.7088284,-0.2580925,4.7467823,0.22758684,4.974159,-0.17780828,4.9711156,normal
0.0028620134,-0.40805393,0.07384607,-0.5821048,0.110380754,-0.5887514,0.14984879,-0.5967401,-0.060615413,-0.5818944,-0.10858277,-0.5889164,-0.14778072,-0.5960391,0.21328457,-0.6056869,-0.20035501,-0.61514,0.068850406,-0.28563756,-0.083215795,-0.26483032,0.49960527,0.01986424,-0.49960527,-0.01986424,0.6706985,0.8223456,-0.6846369,0.7719038,0.64163864,1.7347394,-0.6849707,1.7253187,0.6647205,1.986793,-0.7523227,1.9715078,0.5756044,1.9873233,-0.6648133,1.9608567,0.54198205,1.8885717,-0.6179139,1.866747,0.34091526,1.7808303,-0.32677707,1.7942252,0.33689255,3.254773,-0.29612112,3.2708113,0.31502646,4.57239,-0.28987423,4.589047,0.32751164,4.7700334,-0.29104704,4.7928333,0.18962653,5.0391283,-0.22401196,5.0242844,normal
0.005976817,-0.40194675,0.07835174,-0.5783383,0.1147431,-0.5848952,0.15433386,-0.5927888,-0.057892177,-0.5787572,-0.10670303,-0.5859315,-0.14681984,-0.5930236,0.217234,-0.6025339,-0.20060995,-0.6133476,0.07074305,-0.28090894,-0.08132314,-0.26184705,0.4995863,0.02033496,-0.4995863,-0.02033496,0.6651744,0.8207079,-0.6655555,0.772269,0.6337106,1.7239946,-0.6170873,1.674326,0.6557951,1.9740715,-0.66136295,1.9095492,0.5672664,1.9664273,-0.58386785,1.8845212,0.53437376,1.8671218,-0.54617304,1.7919462,0.34189355,1.7764423,-0.32317546,1.787525,0.33420548,3.2508917,-0.29624304,3.2597938,0.31155652,4.5708,-0.2886079,4.5749574,0.3238901,4.7703214,-0.28829664,4.7764373,0.18704207,5.0334263,-0.22185901,5.0143485,normal
0.0028892776,-0.39129427,0.07513532,-0.5719918,0.11149613,-0.5796648,0.15095603,-0.58811647,-0.06113006,-0.56938356,-0.10938239,-0.5767648,-0.14937867,-0.5845082,0.21367933,-0.60109705,-0.20250687,-0.6097573,0.06774249,-0.27282673,-0.08371477,-0.2531938,0.49961126,0.019713,-0.49961126,-0.019713,0.6599616,0.8165096,-0.66589916,0.7673106,0.6292753,1.7155793,-0.69651175,1.6688439,0.6515504,1.9639802,-0.77093136,1.9027547,0.5650909,1.9571551,-0.6849935,1.891279,0.53190255,1.858427,-0.6340698,1.8011917,0.33949053,1.7713873,-0.3237801,1.7812486,0.3314295,3.238248,-0.29769775,3.2460213,0.3152324,4.557011,-0.28591326,4.5572176,0.32835352,4.7586102,-0.28501645,4.758701,0.19596116,5.014335,-0.2144998,4.993068,normal
0.020671716,-0.38634723,0.08618337,-0.5664834,0.12306006,-0.5745425,0.1617551,-0.5833544,-0.04158306,-0.5660851,-0.09153707,-0.5744637,-0.1327304,-0.58300793,0.2205129,-0.59934396,-0.19805029,-0.609345,0.07955674,-0.26987508,-0.06670825,-0.25181416,0.499649,0.018732022,-0.499649,-0.018732022,0.6602224,0.81635046,-0.67782176,0.7673929,0.6621142,1.7200661,-0.72607845,1.6738203,0.7045006,1.9780436,-0.79398143,1.911122,0.6229766,1.9791871,-0.7070225,1.9069866,0.58175635,1.8777648,-0.6592245,1.8156842,0.33976188,1.7722067,-0.3242138,1.7831181,0.33436948,3.2385037,-0.2942928,3.250284,0.32126686,4.5585203,-0.2775567,4.563568,0.3334452,4.759828,-0.27800766,4.7659135,0.20890404,5.0155144,-0.19989084,4.9973435,normal
0.027775418,-0.38312033,0.09158863,-0.56405824,0.12935144,-0.5719598,0.16686365,-0.5804505,-0.033638168,-0.564634,-0.08538101,-0.5731103,-0.12759282,-0.581474,0.22298878,-0.5987813,-0.19667044,-0.60882306,0.082152784,-0.26651874,-0.06189258,-0.24959828,0.49965376,0.018604461,-0.49965376,-0.018604461,0.6579915,0.81553155,-0.678225,0.76546544,0.6617793,1.721461,-0.7250571,1.6752657,0.7052247,1.9777296,-0.7913347,1.9133877,0.6246048,1.9784199,-0.7064491,1.9107978,0.5826042,1.8792236,-0.6583697,1.8198243,0.34175205,1.7651764,-0.32214677,1.7800027,0.33654523,3.2207136,-0.2907406,3.2390947,0.32457298,4.5323524,-0.26927498,4.538907,0.33585134,4.729693,-0.26869482,4.735499,0.21441026,4.990428,-0.18771085,4.9704204,normal
0.031025235,-0.38784724,0.092768714,-0.5689954,0.13032725,-0.5771619,0.16789427,-0.5856961,-0.029038824,-0.5687544,-0.08021295,-0.576658,-0.12214135,-0.58437145,0.22253881,-0.60185647,-0.1933909,-0.6105245,0.08418323,-0.2704067,-0.058201823,-0.25251156,0.49971545,0.016866283,-0.49971545,-0.016866283,0.6572263,0.812633,-0.675136,0.7834082,0.6783995,1.7206339,-0.70287913,1.705442,0.7291207,1.975594,-0.7709915,1.9461024,0.6434362,1.9776092,-0.68047273,1.9469024,0.59968716,1.8806597,-0.6317256,1.8540689,0.35208404,1.7624254,-0.31371233,1.782802,0.34764653,3.2162585,-0.2732114,3.238186,0.33971074,4.526807,-0.2421247,4.5349255,0.3489992,4.7243557,-0.24179517,4.732391,0.24094576,4.9840198,-0.15420096,4.964727,normal
0.034174833,-0.39919436,0.0944917,-0.5735691,0.13230176,-0.5813191,0.16947845,-0.58922386,-0.025467874,-0.5746855,-0.075588666,-0.58296466,-0.117941864,-0.5904766,0.22397518,-0.6040694,-0.19260646,-0.6133546,0.0860845,-0.28344777,-0.054629304,-0.26442608,0.49976194,0.015427605,-0.49976194,-0.015427605,0.6505486,0.8099166,-0.6746641,0.78901947,0.6803657,1.731062,-0.6956671,1.7411444,0.7346073,1.9830477,-0.76783186,1.9862798,0.6491925,1.9897441,-0.67729574,1.9868803,0.60406166,1.8960286,-0.6260262,1.8927639,0.35004017,1.7579798,-0.31503075,1.7794986,0.34594983,3.2019324,-0.2729114,3.229899,0.33838668,4.511188,-0.24239486,4.521947,0.3472409,4.7070184,-0.24209665,4.719881,0.24038224,4.964135,-0.15364552,4.9433384,normal
0.039049525,-0.40212074,0.09725293,-0.57513624,0.1354713,-0.5827943,0.17174475,-0.59055656,-0.018815339,-0.5765425,-0.06668399,-0.5845506,-0.10980755,-0.5919793,0.22494581,-0.60261965,-0.18976931,-0.61257833,0.088603295,-0.28471822,-0.05037121,-0.2665328,0.49979487,0.014321103,-0.49979487,-0.014321103,0.65479785,0.7973968,-0.67077434,0.7699834,0.6904855,1.7121717,-0.66817045,1.7141205,0.74724257,1.9710324,-0.73210335,1.9618688,0.6570796,1.9770921,-0.6426157,1.9626355,0.61237776,1.8815835,-0.59574515,1.8671155,0.35311437,1.7527325,-0.3083275,1.7749034,0.35371917,3.1889033,-0.2599964,3.217072,0.34858415,4.492217,-0.23126268,4.5029664,0.3577979,4.687089,-0.23391455,4.700736,0.25449407,4.941736,-0.14141528,4.920267,normal
-0.2971584,-0.6285144,-0.21812887,-0.76704407,-0.18488705,-0.7705799,-0.1466537,-0.77299625,-0.27533972,-0.7620276,-0.2842734,-0.76310307,-0.29134658,-0.7650371,0.030340876,-0.71557194,-0.18869674,-0.73197937,-0.21574773,-0.5012895,-0.28834435,-0.49563846,0.4966511,0.057772625,-0.4966511,-0.057772625,0.6647729,0.8966277,-0.7807234,0.69020146,0.7022379,1.8096496,-0.7348451,1.6315387,0.762613,2.0284345,-0.7643657,1.8735125,0.68039507,2.0348485,-0.6640341,1.8748835,0.6390541,1.9366137,-0.6417756,1.7831043,0.29930177,1.8516477,-0.3717121,1.8205208,0.25211805,3.3203323,-0.34630674,3.3088305,0.25858784,4.6745496,-0.3415895,4.6772504,0.28676894,4.8953934,-0.34262034,4.8978753,0.11107055,5.068267,-0.30325526,5.067962,regarde_voisin_gauche
-0.29599145,-0.63039553,-0.21650252,-0.7704392,-0.1827688,-0.7736923,-0.14407535,-0.77579343,-0.27448288,-0.76511186,-0.28378737,-0.76608217,-0.2911709,-0.7677067,0.029741373,-0.7175147,-0.19037382,-0.73265696,-0.21526036,-0.5034092,-0.28821155,-0.4974231,0.49680334,0.056448646,-0.49680334,-0.056448646,0.6667816,0.8893749,-0.75824046,0.7064481,0.7276693,1.8040893,-0.7426092,1.6093444,0.79725015,2.024033,-0.7766751,1.8351297,0.70393616,2.0321202,-0.67440873,1.8249224,0.65831685,1.9325349,-0.65203846,1.7361473,0.30267394,1.837683,-0.3716404,1.8094238,0.25745338,3.2964976,-0.3461473,3.2878783,0.26610962,4.6413407,-0.3385462,4.6402903,0.2957099,4.866164,-0.3389613,4.862932,0.11598157,5.0317354,-0.2956563,5.03547,regarde_voisin_gauche
-0.29661256,-0.6344725,-0.21771833,-0.77175236,-0.18491718,-0.7752442,-0.14714782,-0.7776796,-0.27434373,-0.76621187,-0.28329846,-0.7671136,-0.29037496,-0.7687258,0.027383018,-0.7195315,-0.18909481,-0.7333427,-0.21633565,-0.5079571,-0.2876845,-0.50082636,0.49702114,0.054497667,-0.49702114,-0.054497667,0.6637685,0.88894504,-0.75740135,0.7037499,0.68137807,1.8107398,-0.7263626,1.6691362,0.7301672,2.04305,-0.7606026,1.9247786,0.63251406,2.0500596,-0.6641828,1.9359908,0.59795445,1.9424872,-0.63990986,1.8321104,0.30285057,1.8353232,-0.37153232,1.8056599,0.25772566,3.2928145,-0.34774455,3.2831817,0.26441827,4.639873,-0.34110543,4.6345196,0.29357576,4.8633194,-0.34212142,4.856263,0.113782294,5.0324197,-0.2998368,5.0302706,regarde_voisin_gauche
-0.29722467,-0.6256321,-0.21892136,-0.7679971,-0.1849228,-0.77230185,-0.14660943,-0.7750614,-0.27665964,-0.76149845,-0.28606677,-0.7626796,-0.2934723,-0.76450247,0.026937358,-0.71878463,-0.18966691,-0.73198664,-0.21568452,-0.5030187,-0.28775096,-0.49556,0.49716955,0.05312656,-0.49716955,-0.05312656,0.658264,0.8842541,-0.75300086,0.70528805,0.6827871,1.8102237,-0.73730224,1.6563898,0.7313995,2.0406263,-0.78454274,1.901873,0.6368232,2.0469687,-0.69732326,1.8961574,0.59897757,1.9410633,-0.6632873,1.802765,0.2998649,1.8325864,-0.3750049,1.800841,0.24000697,3.2907162,-0.367357,3.269559,0.2330861,4.627722,-0.37431017,4.609054,0.260241,4.8449926,-0.3776524,4.824788,0.082055666,5.0189514,-0.33581892,5.006272,regarde_voisin_gauche
-0.29915056,-0.62624323,-0.22244337,-0.76842123,-0.18804555,-0.7728465,-0.1491669,-0.7756832,-0.28036225,-0.76134485,-0.28969422,-0.7622444,-0.29713124,-0.76375693,0.026692433,-0.71903205,-0.19079545,-0.731085,-0.21549882,-0.50338376,-0.28798348,-0.49589,0.49729416,0.051947344,-0.49729416,-0.051947344,0.6588637,0.87789,-0.7771299,0.69385666,0.67738646,1.8100265,-0.7604247,1.6261106,0.72424674,2.0395727,-0.8019824,1.8687127,0.63324654,2.0445442,-0.7154943,1.8639342,0.5957202,1.9409536,-0.6851852,1.7742136,0.29902002,1.8377678,-0.37639377,1.8077329,0.23151863,3.2930107,-0.382602,3.2734685,0.22666898,4.6321254,-0.38318676,4.6122932,0.2526233,4.8495154,-0.38390377,4.8280077,0.07859944,5.0227923,-0.3469312,5.008481,regarde_voisin_gauche
-0.3041542,-0.62284154,-0.22802375,-0.7639035,-0.19340944,-0.76825017,-0.15432976,-0.77146703,-0.28539655,-0.7568445,-0.29440007,-0.75783026,-0.30156338,-0.7595403,0.02557744,-0.7161478,-0.1917961,-0.72888905,-0.2185577,-0.49925148,-0.2909525,-0.4919067,0.49713317,0.05346594,-0.49713317,-0.05346594,0.653549,0.88029563,-0.7891958,0.6931468,0.67926073,1.8112923,-0.761485,1.6254679,0.72697186,2.0394328,-0.8018167,1.8696785,0.63589394,2.0459783,-0.71465003,1.8668269,0.5980281,1.9426215,-0.6847282,1.7763994,0.2980302,1.8409078,-0.37724495,1.8082253,0.23168822,3.2977514,-0.3835237,3.2791243,0.22696917,4.6622095,-0.38443115,4.641178,0.25297627,4.8897896,-0.3858814,4.8640733,0.07902566,5.0430946,-0.34785575,5.032908,regarde_voisin_gauche
-0.302195,-0.61020964,-0.22643386,-0.7502078,-0.19179118,-0.75406635,-0.1523112,-0.7569516,-0.2842953,-0.7453785,-0.29319608,-0.7471454,-0.30038232,-0.7495952,0.026486972,-0.71041876,-0.19077408,-0.72521037,-0.21597974,-0.48610166,-0.28872076,-0.48098955,0.4971243,0.05354833,-0.4971243,-0.05354833,0.65457416,0.88997734,-0.7668262,0.707297,0.7107751,1.8129598,-0.74981135,1.7009525,0.77232057,2.034963,-0.7948715,1.9555418,0.68168676,2.044962,-0.701867,1.9749984,0.6366169,1.9442309,-0.66899985,1.8755696,0.3006197,1.8374586,-0.37407762,1.8068244,0.23857738,3.2955518,-0.37439245,3.285593,0.24390425,4.657961,-0.36296478,4.6422706,0.27159232,4.88713,-0.36349753,4.8652725,0.101238884,5.043312,-0.3147202,5.0346375,regarde_voisin_gauche
-0.30416882,-0.61026156,-0.22781247,-0.75125736,-0.1930012,-0.7551345,-0.15340185,-0.758013,-0.28549817,-0.7464111,-0.29446608,-0.74819505,-0.30163503,-0.7506824,0.024637906,-0.7113404,-0.19226699,-0.72615945,-0.21898226,-0.48640853,-0.29154515,-0.48131046,0.49688008,0.055768926,-0.49688008,-0.055768926,0.71676856,1.0954334,-0.7636888,0.7051538,0.7262292,1.8124794,-0.7621326,1.6302015,0.79321086,2.0344887,-0.8131241,1.8620411,0.7006609,2.0429108,-0.71885,1.8548061,0.6537546,1.9419285,-0.6838897,1.7640015,0.29981703,1.8340945,-0.37503842,1.8026793,0.23655297,3.291109,-0.3804281,3.2796183,0.24033657,4.6506395,-0.36938208,4.632889,0.26886812,4.8796525,-0.36954004,4.8554535,0.09264082,5.0349393,-0.31926528,5.0259004,regarde_voisin_gauche
-0.303354,-0.60862947,-0.22767036,-0.74750495,-0.1931399,-0.7511334,-0.15408328,-0.7543591,-0.28525785,-0.7429089,-0.29412743,-0.7449684,-0.30122763,-0.74765396,0.024450416,-0.7102035,-0.19109562,-0.72476286,-0.21800804,-0.4850851,-0.29049647,-0.4788913,0.497213,0.052718356,-0.497213,-0.052718356,0.7028437,0.9366011,-0.764634,0.70047003,0.6795471,1.7987489,-0.7154578,1.6271527,0.7141567,2.0262387,-0.74274457,1.8616893,0.61843705,2.0288138,-0.6479562,1.8552189,0.58950514,1.9245337,-0.62691563,1.7637147,0.3042203,1.8351661,-0.3677636,1.8063192,0.24971643,3.2928731,-0.3596898,3.2804675,0.2508706,4.6500015,-0.35469723,4.6335406,0.2785454,4.876895,-0.3560124,4.855752,0.102787435,5.0373807,-0.3095992,5.0274796,regarde_voisin_gauche
-0.29887286,-0.60509115,-0.22309242,-0.744695,-0.18760188,-0.7486735,-0.14737232,-0.75169677,-0.2816818,-0.7392014,-0.29188552,-0.74106836,-0.30080855,-0.7436402,0.028253218,-0.7062425,-0.1962573,-0.72045684,-0.21369101,-0.48207316,-0.28885585,-0.47588113,0.49729142,0.05197358,-0.49729142,-0.05197358,0.67690027,0.9035427,-0.7620582,0.702459,0.6749484,1.7854881,-0.7347828,1.6080695,0.7138227,2.0063682,-0.7689643,1.8399397,0.6191095,2.0031607,-0.6723157,1.8309748,0.58685344,1.9010637,-0.64691776,1.740156,0.29893076,1.8286545,-0.37073347,1.7980814,0.24399054,3.2789927,-0.36473265,3.2643807,0.24187253,4.627802,-0.35907823,4.607621,0.2711278,4.854368,-0.3593666,4.827347,0.08555095,5.010046,-0.315849,5.0004683,regarde_voisin_gauche
-0.29658958,-0.604493,-0.22110043,-0.7431772,-0.18611905,-0.7472366,-0.14619532,-0.7503502,-0.27936906,-0.73777986,-0.28951642,-0.73966587,-0.29827878,-0.74227965,0.028442968,-0.70543176,-0.19424042,-0.7191623,-0.21188098,-0.48178154,-0.28648785,-0.47567856,0.49743575,0.050573517,-0.49743575,-0.050573517,0.6727912,0.87861145,-0.756147,0.69685674,0.71450657,1.7848136,-0.7325865,1.6411515,0.7747621,2.0083113,-0.7709818,1.8869514,0.68116784,2.0122533,-0.6737925,1.891449,0.638245,1.9113916,-0.6451567,1.7960181,0.29946703,1.8223614,-0.36809748,1.7924302,0.24438809,3.2647965,-0.36218005,3.2511933,0.2432663,4.607526,-0.35538733,4.588068,0.27163935,4.8324585,-0.3557428,4.8069663,0.095365845,4.9887085,-0.31108168,4.979125,regarde_voisin_gauche
-0.2973989,-0.60777813,-0.22196749,-0.7471913,-0.18677819,-0.75137407,-0.14702548,-0.75439996,-0.28025422,-0.7414419,-0.29050162,-0.7432194,-0.29925144,-0.7457237,0.02734518,-0.70851815,-0.19502728,-0.72129154,-0.21308844,-0.48514742,-0.28747922,-0.4787191,0.49778458,0.047015928,-0.49778458,-0.047015928,0.66842556,0.8681717,-0.75558627,0.694993,0.7215683,1.7880095,-0.757439,1.6345873,0.78499585,2.0142658,-0.8067965,1.8742194,0.6943218,2.0230665,-0.7178792,1.8677104,0.6488209,1.9234651,-0.6833853,1.7774948,0.3017602,1.8179189,-0.36793685,1.787751,0.24538442,3.2599297,-0.3616378,3.2454526,0.24309222,4.5967407,-0.35673445,4.581328,0.27136236,4.8176785,-0.3574328,4.7997866,0.095153295,4.9817286,-0.314364,4.97316,regarde_voisin_gauche
-0.30010965,-0.6018721,-0.22450769,-0.7416798,-0.18915954,-0.7461404,-0.1491229,-0.74966013,-0.2829976,-0.7362371,-0.29328206,-0.73833257,-0.30204526,-0.74126124,0.026552996,-0.70428747,-0.19755849,-0.7173885,-0.21536462,-0.4788016,-0.29011446,-0.47323358,0.49721238,0.052724216,-0.49721238,-0.052724216,0.66576016,0.87027115,-0.7596342,0.7026854,0.7409201,1.7730215,-0.7843923,1.5519065,0.81061316,1.9801164,-0.8388853,1.7621855,0.729387,1.9811218,-0.7549628,1.7338455,0.679622,1.8902946,-0.71953124,1.6568558,0.30050564,1.8278471,-0.37116498,1.7921847,0.24160314,3.2753532,-0.36889124,3.257027,0.23588894,4.6158156,-0.3724842,4.597989,0.26533857,4.837366,-0.37730852,4.814419,0.08088823,5.001048,-0.32822722,4.993204,regarde_voisin_gauche
-0.29987478,-0.6019363,-0.2242844,-0.7394512,-0.18896466,-0.74305606,-0.14899115,-0.7461647,-0.28280762,-0.7350158,-0.29301777,-0.73702097,-0.30165797,-0.7397455,0.026948338,-0.7030369,-0.19568919,-0.71659523,-0.21459338,-0.4768691,-0.28903067,-0.47020638,0.49727893,0.0520928,-0.49727893,-0.0520928,0.6638138,0.8674323,-0.7797371,0.6776101,0.707792,1.7744623,-0.7942803,1.5559022,0.7583101,1.9838626,-0.8466938,1.774043,0.6683657,1.98477,-0.7575013,1.742456,0.6315409,1.8936675,-0.72420454,1.6652755,0.30038136,1.830161,-0.37107632,1.7941093,0.23831864,3.281331,-0.37566403,3.261288,0.23209533,4.6267014,-0.37661192,4.6084685,0.26021403,4.849016,-0.38103488,4.82566,0.0803331,5.009703,-0.33120954,5.0026507,regarde_voisin_gauche
-0.2978036,-0.60276765,-0.22054611,-0.7454864,-0.18411042,-0.7495172,-0.14224376,-0.7522767,-0.28131616,-0.73928475,-0.2920798,-0.7409925,-0.30097908,-0.74320024,0.02984266,-0.7042199,-0.19645691,-0.71735543,-0.21262173,-0.4780396,-0.28852195,-0.47167832,0.49729007,0.051986497,-0.49729007,-0.051986497,0.6602042,0.8705998,-0.7684563,0.69684464,0.69753873,1.8270417,-0.7770722,1.6787806,0.74818575,2.0563383,-0.8370012,1.928216,0.6543294,2.0576704,-0.74550813,1.930252,0.61558187,1.9604305,-0.70518047,1.8373692,0.2980075,1.8401643,-0.37698683,1.7977698,0.21664879,3.302894,-0.39245084,3.2701275,0.18927014,4.6386957,-0.4137264,4.617975,0.21317269,4.854415,-0.4184913,4.8329144,0.039813355,5.0316377,-0.378745,5.018989,regarde_voisin_gauche
-0.29765064,-0.6029462,-0.22016695,-0.7457574,-0.18385814,-0.7498622,-0.14200696,-0.752789,-0.28077856,-0.7394957,-0.29138374,-0.74113065,-0.3000685,-0.74334353,0.031010317,-0.7039882,-0.19506393,-0.71727604,-0.21241575,-0.47766787,-0.28835574,-0.47150955,0.49725068,0.052361853,-0.49725068,-0.052361853,0.6605607,0.87196153,-0.7653019,0.6993584,0.7014508,1.831697,-0.7270385,1.6783569,0.7518956,2.0696905,-0.7652401,1.9304897,0.6577731,2.07416,-0.6698841,1.9319524,0.6194611,1.9727753,-0.640532,1.8372594,0.29840693,1.8460479,-0.37711844,1.8057215,0.22110839,3.3134024,-0.3856004,3.2822404,0.19667561,4.650644,-0.40530896,4.639154,0.21919136,4.8640785,-0.41112575,4.8569846,0.0509255,5.0505943,-0.37113032,5.034851,regarde_voisin_gauche
-0.2964562,-0.5934124,-0.21898913,-0.7364569,-0.18276227,-0.74124235,-0.14098674,-0.74509245,-0.27960992,-0.7301305,-0.29011425,-0.7319601,-0.2986668,-0.7344228,0.03168671,-0.70186687,-0.19303828,-0.7135325,-0.21082667,-0.47040176,-0.2867019,-0.46435174,0.49724185,0.05244571,-0.49724185,-0.05244571,0.66182184,0.8728003,-0.7658148,0.6999212,0.69181746,1.8260009,-0.72812104,1.6482917,0.7384274,2.0638058,-0.7640199,1.899092,0.6485924,2.0684006,-0.6667057,1.9042302,0.612283,1.9634572,-0.6405554,1.8077852,0.29329413,1.8488448,-0.38080794,1.8097463,0.22253406,3.3173134,-0.38520467,3.288413,0.199733,4.6631536,-0.40351972,4.655846,0.22273797,4.8801384,-0.40902546,4.878287,0.051159576,5.0639815,-0.36828062,5.0461965,regarde_voisin_gauche
-0.29650584,-0.5972849,-0.21912734,-0.7414617,-0.18280992,-0.7470073,-0.14102387,-0.7510037,-0.28000414,-0.73365694,-0.29074258,-0.73531485,-0.29951137,-0.73754466,0.031456046,-0.7040338,-0.195107,-0.71524715,-0.21099472,-0.47409418,-0.28732404,-0.4691449,0.49724323,0.052432686,-0.49724323,-0.052432686,0.73155487,1.0785921,-0.76564956,0.7002305,0.7109548,1.8348193,-0.7446513,1.6467811,0.76398003,2.075244,-0.7939797,1.8941953,0.6713958,2.0807724,-0.6986196,1.8915546,0.63094974,1.97792,-0.664647,1.8000338,0.29632577,1.8560866,-0.38084432,1.8168205,0.22737224,3.3338988,-0.38523287,3.2945657,0.21238928,4.6732607,-0.39887553,4.6565185,0.23741978,4.8885727,-0.4032218,4.878068,0.063492246,5.075837,-0.3522461,5.057019,regarde_voisin_gauche
-0.29675215,-0.59884083,-0.21932857,-0.74259454,-0.18321961,-0.74797916,-0.14179,-0.7520202,-0.27984768,-0.73543525,-0.29050657,-0.7372754,-0.2992195,-0.73989,0.03160116,-0.70480424,-0.19481596,-0.7174357,-0.21197231,-0.47633103,-0.2874628,-0.47130787,0.49711642,0.053621527,-0.49711642,-0.053621527,0.6879289,0.99264205,-0.7609151,0.70482713,0.68622744,1.8434299,-0.73583853,1.645319,0.7361471,2.082463,-0.77999526,1.8923551,0.6428235,2.0892634,-0.68316644,1.8950298,0.60495955,1.9820464,-0.6530064,1.8004264,0.29551136,1.8556523,-0.38169408,1.8160301,0.22757028,3.3335366,-0.3848522,3.2969153,0.21268521,4.683802,-0.39825603,4.6642237,0.23804563,4.906798,-0.40161186,4.888729,0.06335151,5.0812173,-0.35331136,5.0590854,regarde_voisin_gauche
-0.2967083,-0.5941899,-0.21935731,-0.73392653,-0.183183,-0.73948705,-0.14164524,-0.74427104,-0.28051344,-0.72833437,-0.29143932,-0.7305862,-0.30045855,-0.73381937,0.031789847,-0.7021398,-0.19692664,-0.7147518,-0.21129635,-0.469372,-0.28744313,-0.46543133,0.4972018,0.05282381,-0.4972018,-0.05282381,0.69086015,0.9087232,-0.7600132,0.708612,0.7224486,1.8306563,-0.730613,1.6993567,0.77719873,2.0689063,-0.777807,1.9575076,0.6795666,2.0757754,-0.680946,1.9656309,0.6389282,1.9728717,-0.6481051,1.8681523,0.30072927,1.8564591,-0.37508816,1.8181812,0.25226632,3.334355,-0.3580281,3.2996092,0.25724748,4.6785116,-0.34626865,4.665958,0.2846519,4.895542,-0.34814128,4.89042,0.11942008,5.0830464,-0.2938881,5.064774,regarde_voisin_gauche
-0.30008724,-0.5894645,-0.22372702,-0.72867954,-0.18731111,-0.73422146,-0.14608933,-0.73916674,-0.28417096,-0.72290653,-0.29497364,-0.7251317,-0.30384564,-0.7284571,0.028240878,-0.6967793,-0.19959638,-0.70912826,-0.21446542,-0.46576503,-0.2904403,-0.4613285,0.49677667,0.0566827,-0.49677667,-0.0566827,0.6656491,0.89805776,-0.7858635,0.67224336,0.6799224,1.8218821,-0.7498286,1.5568876,0.7194713,2.060561,-0.7885043,1.7906774,0.61765766,2.0631611,-0.6949463,1.780946,0.5873577,1.954832,-0.6689864,1.6897806,0.2987734,1.8503119,-0.37645757,1.81084,0.24693483,3.3209293,-0.36795288,3.284811,0.24552535,4.6614165,-0.36647746,4.644916,0.27391067,4.8814955,-0.36655524,4.8680344,0.08899276,5.0623617,-0.32485104,5.043127,regarde_voisin_gauche
-0.3003784,-0.58733976,-0.22397804,-0.7262538,-0.18771195,-0.7311494,-0.1465085,-0.7352106,-0.2838452,-0.72014254,-0.29413217,-0.7218756,-0.30248004,-0.72415096,0.02777025,-0.69488823,-0.1975722,-0.7071863,-0.21213973,-0.45811316,-0.28815264,-0.45538256,0.49680558,0.056428988,-0.49680558,-0.056428988,0.65496,0.8969601,-0.781136,0.6769672,0.6488118,1.8389622,-0.7491172,1.6124271,0.6814641,2.0801945,-0.7883138,1.8582467,0.5833416,2.0829763,-0.69526607,1.8713063,0.5552223,1.9724299,-0.6691988,1.7730354,0.29905576,1.857287,-0.3758964,1.817159,0.24685055,3.3347795,-0.367504,3.298472,0.24435623,4.686544,-0.3675392,4.6713386,0.2726176,4.9063435,-0.36796442,4.8955445,0.08898374,5.0907083,-0.32612193,5.068276,regarde_voisin_gauche
-0.2999053,-0.5886098,-0.22319862,-0.7282225,-0.18681502,-0.7331515,-0.14558172,-0.7372332,-0.28320923,-0.72197574,-0.29353523,-0.72369224,-0.30191216,-0.72600675,0.029338438,-0.69581324,-0.19645122,-0.7084896,-0.2116571,-0.45928982,-0.28801185,-0.45656303,0.496779,0.05666247,-0.496779,-0.05666247,0.6480117,0.89969635,-0.7804306,0.6761223,0.6330358,1.8426332,-0.7408676,1.61695,0.67076737,2.0770879,-0.77996284,1.8620393,0.5798383,2.0761013,-0.6857142,1.8677001,0.5478847,1.9708343,-0.65686685,1.7724286,0.2946265,1.8593053,-0.3796582,1.8181916,0.23110463,3.3356287,-0.38028198,3.2981448,0.21675321,4.693278,-0.39308622,4.6747775,0.2402271,4.9098043,-0.39551398,4.8963456,0.06715604,5.0983014,-0.3573586,5.070212,regarde_voisin_gauche
-0.29889807,-0.59101146,-0.22218262,-0.7308272,-0.18591619,-0.7357703,-0.14463356,-0.73996437,-0.28226897,-0.7246311,-0.29254252,-0.7263408,-0.30088523,-0.72866577,0.03049804,-0.69865775,-0.19478987,-0.71118784,-0.2103877,-0.46159217,-0.28681636,-0.45827302,0.4967622,0.056809552,-0.4967622,-0.056809552,0.6504786,0.8885665,-0.7807841,0.6786816,0.6743072,1.8438215,-0.7579282,1.5922662,0.73405236,2.0745237,-0.8013133,1.8296607,0.6444225,2.0760176,-0.70509696,1.8272532,0.6011995,1.9743211,-0.673339,1.7389747,0.2967693,1.8617394,-0.38033494,1.818626,0.22482392,3.340624,-0.3901174,3.3062415,0.21110508,4.7050714,-0.39968547,4.6839843,0.23477323,4.9238,-0.40169752,4.9031787,0.06309199,5.104014,-0.36171162,5.0816574,regarde_voisin_gauche
-0.30157742,-0.59383297,-0.22476561,-0.733831,-0.18846603,-0.7388296,-0.14710085,-0.743112,-0.28475484,-0.7276857,-0.29500145,-0.72942924,-0.30334118,-0.731864,0.028903415,-0.7015157,-0.19672206,-0.7140685,-0.21291676,-0.46414998,-0.28933036,-0.4608097,0.49662396,0.058005463,-0.49662396,-0.058005463,0.6752926,0.8873852,-0.7821206,0.6841964,0.705371,1.8457763,-0.77055377,1.6056107,0.761117,2.079666,-0.8182912,1.8490137,0.6653629,2.0809658,-0.72287107,1.8454545,0.62421244,1.9787569,-0.6894144,1.7549765,0.2985557,1.8667223,-0.38247666,1.823681,0.2308448,3.3486998,-0.39280364,3.3143036,0.22667564,4.7090483,-0.3942613,4.687876,0.2523937,4.928829,-0.39629036,4.90725,0.083254665,5.105922,-0.34564233,5.087812,regarde_voisin_gauche
-0.30128726,-0.59720594,-0.22471033,-0.73859966,-0.18842296,-0.7431974,-0.14720084,-0.74716973,-0.28466138,-0.73263043,-0.29493326,-0.73431414,-0.3032683,-0.7368159,0.029765267,-0.70221406,-0.19637871,-0.7164135,-0.21283233,-0.46789697,-0.28910196,-0.4638122,0.49657476,0.05842532,-0.49657476,-0.05842532,0.6526194,0.892053,-0.7810771,0.6882429,0.68341756,1.8465984,-0.7699294,1.6029743,0.7366603,2.0790238,-0.8175523,1.8437054,0.6438549,2.0822399,-0.7220288,1.84159,0.60462004,1.9784226,-0.68883985,1.7502841,0.29459772,1.8651271,-0.38600594,1.821802,0.22613163,3.3452709,-0.39381847,3.3110797,0.21808505,4.7048154,-0.39792407,4.683142,0.24409975,4.9257984,-0.3990262,4.9028234,0.06617275,5.101172,-0.35912663,5.0831323,regarde_voisin_gauche
-0.3013695,-0.6030025,-0.22440349,-0.74683183,-0.18800677,-0.7516681,-0.14678383,-0.7546925,-0.28452593,-0.7384697,-0.29473957,-0.7392191,-0.30305916,-0.7406193,0.030619076,-0.7033515,-0.19574754,-0.7165563,-0.21334803,-0.4771961,-0.28944635,-0.4715519,0.4967767,0.05668259,-0.4967767,-0.05668259,0.65542424,0.8939877,-0.78179216,0.6910117,0.6870531,1.8427674,-0.7708003,1.5989751,0.73997885,2.0805428,-0.8181125,1.8396413,0.6464615,2.0868182,-0.72271794,1.8355017,0.60731393,1.9834199,-0.68947387,1.7458067,0.296401,1.8673434,-0.38513577,1.8239733,0.22672671,3.3535101,-0.39494693,3.3139288,0.21457486,4.709633,-0.40658122,4.685526,0.2407623,4.9269576,-0.40950844,4.902688,0.059413135,5.1065784,-0.37120524,5.0924463,regarde_voisin_gauche
-0.29752573,-0.6014107,-0.22076696,-0.74346656,-0.18454593,-0.74768066,-0.14260986,-0.75038373,-0.28144166,-0.7367234,-0.29176494,-0.7377326,-0.30023503,-0.7393478,0.03175842,-0.7019735,-0.19423248,-0.7155411,-0.20702688,-0.47299236,-0.2841903,-0.46828553,0.49718773,0.052956067,-0.49718773,-0.052956067,0.6555774,0.88222176,-0.7780367,0.6902167,0.7096267,1.8320779,-0.75717634,1.6424592,0.7634252,2.061974,-0.80188775,1.8891077,0.6729051,2.0677707,-0.7019973,1.8951509,0.6320636,1.9675423,-0.66953623,1.8010938,0.30047005,1.8580986,-0.37807688,1.817652,0.24248308,3.337819,-0.37280926,3.303355,0.24028876,4.688218,-0.36664772,4.6694016,0.26696944,4.9046335,-0.3660941,4.886052,0.093350075,5.0885634,-0.32335153,5.0750904,regarde_voisin_gauche
-0.29717022,-0.604813,-0.21943404,-0.7495558,-0.18339373,-0.753715,-0.14210723,-0.756001,-0.28008145,-0.74235165,-0.29062083,-0.74338907,-0.29920557,-0.7448836,0.031153055,-0.70398587,-0.1943293,-0.7175808,-0.2081063,-0.47859144,-0.2846584,-0.47339958,0.49696162,0.055037737,-0.49696162,-0.055037737,0.7291807,1.0877968,-0.7859394,0.68669885,0.70862246,1.8296837,-0.80719525,1.5593569,0.764473,2.0602329,-0.8655443,1.7784203,0.6706298,2.0636456,-0.77495635,1.7595284,0.6296646,1.9641657,-0.7358725,1.679772,0.29970595,1.8523805,-0.37818253,1.8118593,0.23604533,3.3251035,-0.38841584,3.2889323,0.22394384,4.6650467,-0.39601526,4.6394024,0.24867679,4.8818145,-0.39700708,4.8551784,0.07574761,5.056873,-0.35130364,5.0433793,regarde_voisin_gauche
-0.29716912,-0.60450613,-0.21951146,-0.7485354,-0.18352027,-0.7525037,-0.14229347,-0.7547597,-0.27987075,-0.74167395,-0.29036528,-0.74292785,-0.29885074,-0.7448512,0.032006174,-0.7025808,-0.19369474,-0.71757877,-0.20855883,-0.47809383,-0.28483954,-0.473493,0.49673894,0.057012465,-0.49673894,-0.057012465,0.695143,0.9725581,-0.77695495,0.68606836,0.7062245,1.8287976,-0.8129742,1.562288,0.7627458,2.057753,-0.87843376,1.7770914,0.66913086,2.0608673,-0.78768045,1.7590386,0.6272771,1.9617447,-0.74382836,1.682994,0.29854724,1.8501736,-0.37860844,1.8095851,0.23212925,3.3210223,-0.3912876,3.2853458,0.21685462,4.6662526,-0.402231,4.640559,0.2409357,4.8860245,-0.40467328,4.8585277,0.067255974,5.0548763,-0.35689548,5.043214,regarde_voisin_gauche
-0.28914827,-0.59974784,-0.21188618,-0.7400288,-0.17625855,-0.74392354,-0.13474256,-0.74635285,-0.27215442,-0.73416,-0.2828054,-0.73535913,-0.29143026,-0.7371883,0.036778193,-0.6975616,-0.18789515,-0.71226025,-0.20184913,-0.47264424,-0.27801105,-0.46863145,0.4970564,0.05417508,-0.4970564,-0.05417508,0.6794826,0.9219046,-0.76132894,0.68799907,0.7036858,1.8195162,-0.7498314,1.6590334,0.75884193,2.0547695,-0.79775226,1.9085125,0.66637206,2.0623896,-0.70270306,1.9197482,0.6255948,1.9586558,-0.66958135,1.823624,0.29964828,1.8415139,-0.37301302,1.8058764,0.23909199,3.3119771,-0.37277234,3.2843094,0.23400888,4.651651,-0.3731494,4.640106,0.25885588,4.8691654,-0.3775757,4.85881,0.09186318,5.0535097,-0.321526,5.0410924,regarde_voisin_gauche
-0.28954643,-0.61015713,-0.21177496,-0.7614115,-0.17546733,-0.7655746,-0.13291515,-0.7677826,-0.27256328,-0.7506389,-0.28338036,-0.7501145,-0.29241133,-0.74955755,0.036803838,-0.70705605,-0.19264357,-0.7149209,-0.20225525,-0.48616567,-0.28002003,-0.47678566,0.49731544,0.05174331,-0.49731544,-0.05174331,0.6787368,0.89999473,-0.7622426,0.69461393,0.71725124,1.8224589,-0.750777,1.6521119,0.77512974,2.0601206,-0.7995845,1.8988625,0.6833913,2.067606,-0.7047309,1.910558,0.64227206,1.963491,-0.6713345,1.8139825,0.30071098,1.8362023,-0.3733683,1.7988462,0.23980671,3.3100257,-0.37286285,3.2795453,0.23467696,4.6580014,-0.37219226,4.6401954,0.26012328,4.8769393,-0.37692752,4.8578644,0.09242484,5.050435,-0.32060945,5.036516,regarde_voisin_gauche
-0.29193723,-0.6142447,-0.2140566,-0.7611426,-0.17823172,-0.7659395,-0.1368228,-0.76933575,-0.27474588,-0.75132924,-0.28531006,-0.75117916,-0.2939294,-0.75127345,0.032665137,-0.71220464,-0.19233792,-0.71921784,-0.20413944,-0.48949844,-0.28033188,-0.48035467,0.49775267,0.047352795,-0.49775267,-0.047352795,0.7423796,1.052483,-0.7512556,0.69998837,0.7223176,1.7965212,-0.7189894,1.6470367,0.77796894,2.0298922,-0.7628454,1.8856273,0.6845717,2.0373464,-0.6730794,1.8928509,0.64439696,1.9308047,-0.64329815,1.7934512,0.32037893,1.8402203,-0.35640597,1.8062536,0.27586868,3.312978,-0.34180346,3.2894254,0.2866864,4.6633587,-0.32284296,4.654555,0.31576204,4.8858137,-0.3240741,4.872928,0.1464861,5.058657,-0.26218978,5.051604,regarde_voisin_gauche
-0.29378635,-0.6149631,-0.21539234,-0.7652886,-0.17913903,-0.7699609,-0.1380389,-0.77271485,-0.2759409,-0.75517136,-0.286472,-0.75495255,-0.29511923,-0.75474435,0.030378368,-0.7136019,-0.19363344,-0.7192301,-0.20780654,-0.49141863,-0.28307498,-0.48188746,0.49753729,0.049564578,-0.49753729,-0.049564578,0.6942975,0.9330688,-0.76113504,0.67470545,0.6799192,1.7967787,-0.7562158,1.5913635,0.7256887,2.030127,-0.80396485,1.8327487,0.6329226,2.0369463,-0.7126271,1.8365301,0.5985482,1.9306904,-0.6822792,1.7437377,0.3163938,1.8416898,-0.36075732,1.8072544,0.27095193,3.3114202,-0.34898865,3.2803273,0.27250588,4.648684,-0.3511924,4.6323395,0.30089852,4.8656263,-0.35293984,4.8506947,0.12015898,5.0464263,-0.31047797,5.0280576,regarde_voisin_gauche
-0.29429936,-0.6105871,-0.2164271,-0.75667495,-0.18082799,-0.7619519,-0.14062396,-0.7661353,-0.2765205,-0.747798,-0.28690863,-0.74847734,-0.2954867,-0.7495777,0.029583259,-0.713633,-0.19233741,-0.7191824,-0.2081427,-0.48798865,-0.28304547,-0.4771106,0.49752578,0.049680006,-0.49752578,-0.049680006,0.6857871,0.8975624,-0.7714541,0.6756002,0.7147704,1.8014133,-0.80851763,1.5920085,0.7765739,2.031528,-0.8612327,1.8303396,0.6857773,2.0387857,-0.7669386,1.8331877,0.6418032,1.9339268,-0.73457617,1.7421716,0.31445843,1.843076,-0.36281237,1.808723,0.2565504,3.3127146,-0.36046425,3.2828622,0.2490032,4.6512933,-0.36593154,4.635288,0.27757913,4.8686996,-0.36757818,4.8539195,0.090718456,5.047732,-0.3282504,5.0312433,regarde_voisin_gauche
-0.29346532,-0.608954,-0.21556672,-0.75660205,-0.17929225,-0.761942,-0.13856737,-0.76591504,-0.27667344,-0.747577,-0.28737503,-0.74830437,-0.29613447,-0.74947405,0.031191172,-0.7119892,-0.19325268,-0.71892625,-0.20747359,-0.4877749,-0.28333703,-0.47727793,0.4974384,0.05054746,-0.4974384,-0.05054746,0.6693681,0.88692886,-0.77276105,0.65669256,0.67498684,1.8023735,-0.80814916,1.5239822,0.719573,2.0348508,-0.85962397,1.758392,0.62811357,2.0398214,-0.7657866,1.7486633,0.59327185,1.9350573,-0.73369783,1.6623229,0.3135937,1.8419981,-0.36410013,1.8050202,0.2503612,3.3073368,-0.37322566,3.267814,0.23884553,4.6340747,-0.37540314,4.604442,0.264881,4.8489065,-0.37526128,4.8162794,0.08330151,5.0301976,-0.33308592,5.011192,regarde_voisin_gauche
-0.2899352,-0.61114025,-0.21284574,-0.7563977,-0.17695476,-0.7610335,-0.13637279,-0.7644569,-0.2738258,-0.74925494,-0.28452668,-0.75034934,-0.2933016,-0.75199735,0.033494934,-0.71032554,-0.19080526,-0.7202008,-0.20498057,-0.48910525,-0.28059962,-0.48116088,0.497525,0.04968778,-0.497525,-0.04968778,0.65838134,0.87580925,-0.75870013,0.6703953,0.67573595,1.808404,-0.74166495,1.6677138,0.72055024,2.0397651,-0.7865357,1.9303536,0.6285096,2.048351,-0.6863105,1.9484959,0.59433746,1.9448407,-0.65365034,1.8471806,0.31374642,1.8354723,-0.36156997,1.7989024,0.2507921,3.2956324,-0.36640003,3.258538,0.2411649,4.6168337,-0.3623484,4.589364,0.26657265,4.831205,-0.3622909,4.8006344,0.095291905,5.012904,-0.31903523,4.9943376,regarde_voisin_gauche
-0.29020578,-0.60726625,-0.21300708,-0.75470245,-0.17708372,-0.75956744,-0.13645168,-0.7628967,-0.274112,-0.7465968,-0.28491166,-0.7475084,-0.29378104,-0.7489955,0.033319682,-0.7076841,-0.19204323,-0.7171385,-0.20494172,-0.48362875,-0.28079376,-0.47584173,0.49764338,0.048487905,-0.49764338,-0.048487905,0.65850556,0.874184,-0.7523536,0.6893789,0.71641284,1.808002,-0.7429343,1.6615893,0.7771465,2.03953,-0.79574656,1.9135348,0.6938675,2.0482779,-0.7023875,1.9250177,0.64930314,1.946061,-0.66357034,1.8280098,0.3110312,1.8344766,-0.3671357,1.7978134,0.24780911,3.2951016,-0.3688555,3.257393,0.2373641,4.616633,-0.36657196,4.5894814,0.26249084,4.8311224,-0.36932263,4.8005943,0.09456749,5.012266,-0.3193364,4.993598,regarde_voisin_gauche
-0.29218033,-0.60214233,-0.2148412,-0.74441105,-0.17893775,-0.74924767,-0.13814129,-0.75329286,-0.27592006,-0.7381054,-0.2866955,-0.7396671,-0.295486,-0.7420009,0.032214962,-0.7045527,-0.19229966,-0.7157327,-0.20657462,-0.47640708,-0.28256112,-0.47121233,0.49749622,0.04997514,-0.49749622,-0.04997514,0.65695816,0.8796335,-0.7526353,0.69568384,0.7194277,1.8181388,-0.75293654,1.6097785,0.7807776,2.0504303,-0.80963147,1.8295909,0.69344705,2.0578544,-0.7208213,1.824778,0.6493017,1.9541239,-0.681635,1.7380818,0.30842194,1.8380133,-0.37163636,1.8005532,0.23861137,3.3009655,-0.38133264,3.263245,0.22220346,4.6290483,-0.38688108,4.598268,0.24784708,4.8481293,-0.3904115,4.810876,0.07140268,5.022052,-0.3385062,5.0027323,regarde_voisin_gauche
-0.29210526,-0.612026,-0.21427202,-0.7600287,-0.17821267,-0.76366866,-0.13772032,-0.76562965,-0.27513668,-0.7534409,-0.28589445,-0.75404215,-0.2946561,-0.7548686,0.032220222,-0.7084077,-0.19154748,-0.7194309,-0.20712243,-0.48535517,-0.28287756,-0.47972015,0.49739578,0.05096499,-0.49739578,-0.05096499,0.656965,0.87755466,-0.7643874,0.68946743,0.70460176,1.8170139,-0.752756,1.5567552,0.75214034,2.0532568,-0.79982805,1.7856641,0.6497035,2.0579262,-0.70595366,1.7791032,0.6176901,1.9529848,-0.6762561,1.6890854,0.30882266,1.8407779,-0.3697721,1.8027384,0.24057163,3.3003497,-0.37962586,3.2634177,0.22839987,4.6284614,-0.38325566,4.598662,0.25584775,4.8482327,-0.38602826,4.8130965,0.07307229,5.021136,-0.33696288,5.0025363,regarde_voisin_gauche
-0.29158896,-0.6116063,-0.21347924,-0.75939006,-0.1775448,-0.76309896,-0.13709438,-0.7650885,-0.2737139,-0.7527145,-0.28426003,-0.7533374,-0.29284558,-0.7542112,0.032989774,-0.7073849,-0.19066216,-0.7184958,-0.20691583,-0.48473185,-0.28235328,-0.4792386,0.4973929,0.050993208,-0.4973929,-0.050993208,0.65809727,0.8763842,-0.7636345,0.69272405,0.725231,1.8091203,-0.7723657,1.5608034,0.7876841,2.0345953,-0.82691175,1.7907999,0.70124304,2.0441372,-0.7298812,1.783615,0.6570876,1.9443514,-0.6957289,1.6932904,0.30808657,1.8359874,-0.37033722,1.7997675,0.24082024,3.2985885,-0.37927204,3.26773,0.23052242,4.6344466,-0.38068172,4.606119,0.25778848,4.855246,-0.38419512,4.821247,0.08129935,5.023822,-0.32948506,5.008933,regarde_voisin_gauche
-0.2914545,-0.6082711,-0.21354733,-0.7516979,-0.17792702,-0.7558069,-0.13745946,-0.75874907,-0.273632,-0.7458391,-0.28411067,-0.74683416,-0.29264238,-0.74822927,0.033037305,-0.7070758,-0.19041757,-0.7181556,-0.20656447,-0.48041776,-0.28205696,-0.47529393,0.49740744,0.05085124,-0.49740744,-0.05085124,0.65794754,0.8759155,-0.75970083,0.69232816,0.72029996,1.832857,-0.7689573,1.6221504,0.7805682,2.0626113,-0.82570666,1.8629227,0.6923268,2.0728366,-0.72910106,1.8682269,0.64763737,1.972034,-0.69293636,1.7754656,0.30419484,1.8360782,-0.37489054,1.7995216,0.23377077,3.2988167,-0.383133,3.2693942,0.22403659,4.6354647,-0.38280693,4.61114,0.24912049,4.855429,-0.3859784,4.8265023,0.08108439,5.026592,-0.3325813,5.0120378,regarde_voisin_gauche
-0.29112014,-0.6079529,-0.21268818,-0.75461346,-0.17714263,-0.7586007,-0.13663279,-0.7609233,-0.2729164,-0.7476373,-0.28337443,-0.7482586,-0.29190436,-0.74916786,0.034131937,-0.7065241,-0.18972427,-0.7175119,-0.20609888,-0.48081398,-0.28176826,-0.4749902,0.4975012,0.049925655,-0.4975012,-0.049925655,0.65810305,0.8793386,-0.7582078,0.6979727,0.72061664,1.8263639,-0.75135493,1.6341987,0.77865726,2.0569198,-0.801138,1.8765798,0.6905939,2.0644078,-0.70737594,1.8802099,0.6468707,1.9661562,-0.67247695,1.7880145,0.30515018,1.83723,-0.37429526,1.8029684,0.23761088,3.299697,-0.37155387,3.2754283,0.23331818,4.637105,-0.36839774,4.623734,0.25760338,4.851141,-0.37228838,4.8378315,0.09773251,5.030736,-0.3203242,5.0234427,regarde_voisin_gauche
-0.2918342,-0.6095696,-0.21384339,-0.7541306,-0.17903808,-0.75821275,-0.13893743,-0.76098883,-0.27347156,-0.7477847,-0.28382456,-0.7486254,-0.29231995,-0.74985296,0.033158194,-0.70789045,-0.18918614,-0.71884507,-0.20683645,-0.4823822,-0.2822693,-0.47658965,0.4975729,0.049205665,-0.4975729,-0.049205665,0.6546992,0.8765044,-0.7504567,0.6953566,0.6978783,1.8237336,-0.7349429,1.6300247,0.74871516,2.054461,-0.7821362,1.8719695,0.6532989,2.0605698,-0.69193244,1.8754616,0.61368406,1.9621588,-0.6573736,1.7840152,0.30399603,1.8348093,-0.37474254,1.7993234,0.23469861,3.2947621,-0.37445554,3.270317,0.22648421,4.6310515,-0.37636575,4.617548,0.2509181,4.845508,-0.3797732,4.8319435,0.085468434,5.0243263,-0.33413514,5.016216,regarde_voisin_gauche
-0.2937611,-0.61109734,-0.21488984,-0.7581514,-0.18012173,-0.7625787,-0.14061154,-0.7650934,-0.27467707,-0.7509424,-0.28474122,-0.7515849,-0.2930394,-0.75259256,0.032911476,-0.709832,-0.18773988,-0.7205311,-0.21078868,-0.48814988,-0.28450269,-0.4804758,0.49784392,0.046383444,-0.49784392,-0.046383444,0.6604247,0.87942517,-0.75115776,0.7007343,0.7103517,1.8130214,-0.71887255,1.6175357,0.7653524,2.0423172,-0.7565208,1.8563108,0.66874766,2.0446053,-0.6611608,1.8521953,0.6279457,1.9470648,-0.6311904,1.7614185,0.30719545,1.8377359,-0.37006548,1.8072846,0.24460857,3.294627,-0.36160135,3.2780352,0.2465158,4.632068,-0.3524684,4.6256175,0.272019,4.845815,-0.35298148,4.8406186,0.106885165,5.026034,-0.31039572,5.0216866,regarde_voisin_gauche
-0.30184895,-0.608906,-0.22436495,-0.75409985,-0.18914068,-0.75897086,-0.14905748,-0.7626512,-0.2833801,-0.74719226,-0.29284927,-0.7483106,-0.3006109,-0.7500786,0.028159846,-0.70933336,-0.19324492,-0.7199797,-0.21667215,-0.4846333,-0.29049972,-0.47594246,0.49752432,0.04969447,-0.49752432,-0.04969447,0.739704,1.0723927,-0.7805786,0.6547882,0.69248724,1.8176248,-0.72790927,1.5220001,0.7295844,2.0526457,-0.760714,1.7626339,0.6314034,2.050513,-0.665676,1.7439336,0.6011753,1.9467113,-0.6401377,1.6528711,0.30905363,1.8486592,-0.37471348,1.816962,0.24443273,3.3122344,-0.36846948,3.2904985,0.24406376,4.654203,-0.360179,4.6400294,0.27030116,4.8692865,-0.35959786,4.8550863,0.10147081,5.0518007,-0.31860882,5.0448313,regarde_voisin_gauche
-0.29702783,-0.6081725,-0.22005256,-0.7506804,-0.18428546,-0.75533354,-0.14355028,-0.7592081,-0.2813561,-0.7442169,-0.2913934,-0.74541694,-0.29946315,-0.7473341,0.031898413,-0.70962924,-0.19270131,-0.72066283,-0.20925847,-0.48467293,-0.2867311,-0.47621363,0.49746382,0.050296642,-0.49746382,-0.050296642,0.6998243,1.0186225,-0.79075265,0.66473913,0.6674252,1.815924,-0.80465126,1.5283006,0.7058594,2.046519,-0.84527975,1.7625042,0.60306495,2.0445979,-0.7462256,1.7495936,0.5712592,1.9408965,-0.7208868,1.6604767,0.30591643,1.8506109,-0.37624684,1.8193183,0.2403326,3.3145952,-0.3737212,3.3050787,0.2329924,4.6645155,-0.37457287,4.66467,0.261856,4.886461,-0.37568888,4.888944,0.069205746,5.063122,-0.3423853,5.0660605,regarde_voisin_gauche
-0.2980266,-0.60982734,-0.22040059,-0.7551718,-0.18454145,-0.7601953,-0.14381956,-0.7636161,-0.2817357,-0.7469804,-0.29186186,-0.74767774,-0.30003285,-0.7489344,0.031694986,-0.71001714,-0.19407643,-0.72065485,-0.21232817,-0.48720574,-0.28869453,-0.47780314,0.49747172,0.05021844,-0.49747172,-0.05021844,0.6843395,0.9502867,-0.78549767,0.6765955,0.6685466,1.8270831,-0.79974234,1.525276,0.7077352,2.0684571,-0.8407868,1.7544947,0.60550934,2.0651877,-0.7456119,1.7348555,0.57321614,1.9595906,-0.7176776,1.6497457,0.30535552,1.8517303,-0.37744355,1.8190063,0.23516221,3.3186407,-0.38458982,3.3034315,0.22361486,4.666562,-0.3900166,4.6620026,0.25248468,4.8876452,-0.39184305,4.8820586,0.0608731,5.0644674,-0.35333222,5.066197,regarde_voisin_gauche
-0.29504868,-0.6089576,-0.21791247,-0.75324804,-0.18240975,-0.7581575,-0.14176069,-0.761549,-0.27880123,-0.7458744,-0.288993,-0.74692756,-0.29716638,-0.7486958,0.03291,-0.7083186,-0.19205582,-0.72074527,-0.20979479,-0.48601052,-0.28614396,-0.4775611,0.4975418,0.049519528,-0.4975418,-0.049519528,0.67396927,0.90532345,-0.775877,0.67452675,0.66574556,1.8240132,-0.7182578,1.572107,0.7052234,2.0644355,-0.75088364,1.8130403,0.6055222,2.0606735,-0.66022134,1.801518,0.57299405,1.9552499,-0.63297147,1.7083809,0.3091607,1.8441509,-0.36997193,1.8119512,0.23972468,3.3056307,-0.37664562,3.289547,0.22730449,4.6488423,-0.38040942,4.6438627,0.25370222,4.8675847,-0.38139412,4.8625555,0.077304326,5.0464396,-0.34056723,5.0455375,regarde_voisin_gauche
-0.2953776,-0.6081611,-0.21780068,-0.75290704,-0.1822788,-0.75777906,-0.14163795,-0.7610034,-0.2786163,-0.74536484,-0.2888041,-0.7463788,-0.29697466,-0.74807936,0.032963604,-0.70719093,-0.1921026,-0.7195835,-0.2111347,-0.4854963,-0.28719142,-0.47703487,0.4974962,0.04997532,-0.4974962,-0.04997532,0.6723689,0.89709204,-0.76365364,0.68539745,0.7163927,1.8220537,-0.74944216,1.5810179,0.7805349,2.0568748,-0.8026162,1.8225926,0.68562394,2.0589135,-0.70394313,1.8208882,0.6410919,1.9541552,-0.66874313,1.7268463,0.30633783,1.8407348,-0.37594068,1.8053508,0.23528947,3.300552,-0.38457903,3.285095,0.22162142,4.6469336,-0.38949457,4.6392417,0.24911195,4.867044,-0.39155278,4.8597198,0.06648402,5.0359235,-0.3462538,5.035222,regarde_voisin_gauche
-0.2928377,-0.61083883,-0.21550825,-0.7521335,-0.18026976,-0.75694937,-0.13978954,-0.7602033,-0.2759986,-0.74470454,-0.2860874,-0.74571085,-0.2941876,-0.7474045,0.033955332,-0.7067795,-0.18979862,-0.71897596,-0.20882517,-0.4862322,-0.28435513,-0.47867057,0.4975316,0.049621835,-0.4975316,-0.049621835,0.66693807,0.88684547,-0.7575307,0.6823803,0.6968092,1.8141656,-0.7223907,1.6208358,0.753137,2.0483205,-0.7657949,1.8707026,0.6524337,2.0507479,-0.6661594,1.8821763,0.6139312,1.9451433,-0.6356385,1.781147,0.30752948,1.8347692,-0.3711935,1.8013259,0.24377495,3.2902083,-0.37168694,3.2759464,0.23633325,4.633329,-0.37109268,4.6264086,0.26325148,4.853775,-0.37301043,4.848011,0.087403595,5.022455,-0.32864293,5.019927,regarde_voisin_gauche
-0.29206014,-0.6099993,-0.21453154,-0.75301594,-0.1791164,-0.75755,-0.13867873,-0.76033753,-0.27480045,-0.7454516,-0.28488678,-0.7463968,-0.29301795,-0.74784386,0.033494685,-0.7058713,-0.1894485,-0.71774375,-0.207828,-0.4854983,-0.28330365,-0.47775242,0.4975277,0.049660765,-0.4975277,-0.049660765,0.6667149,0.88038766,-0.7539094,0.6986494,0.71794873,1.8067226,-0.7193301,1.6432844,0.7821396,2.0409074,-0.7627077,1.8957536,0.6883319,2.0459487,-0.66453975,1.9015074,0.6441871,1.9405812,-0.63387865,1.8009069,0.30619046,1.831073,-0.3708897,1.7976918,0.24501857,3.2800703,-0.36790308,3.2673647,0.2413132,4.6188216,-0.3643875,4.612239,0.2684477,4.840135,-0.36757565,4.834099,0.09679121,5.0040097,-0.3181479,4.9988713,regarde_voisin_gauche
-0.29465714,-0.5978067,-0.21717538,-0.73978984,-0.1816211,-0.74491566,-0.14096537,-0.74875504,-0.27798024,-0.73439115,-0.28836426,-0.7365194,-0.29683295,-0.73942167,0.0326,-0.70241755,-0.19268078,-0.7162864,-0.20798478,-0.47049588,-0.28588215,-0.46700063,0.49711695,0.053616535,-0.49711695,-0.053616535,0.7098875,1.0962507,-0.7509377,0.70996386,0.713125,1.8147763,-0.71849656,1.6518217,0.77261007,2.0483668,-0.7627254,1.9058908,0.68312424,2.051208,-0.6639757,1.9093076,0.6391245,1.9467646,-0.6323901,1.8098844,0.30456626,1.8487931,-0.37477115,1.8067924,0.23654975,3.3076344,-0.37507674,3.283299,0.22820245,4.648255,-0.37701666,4.6343617,0.25503772,4.8692226,-0.38015956,4.856045,0.07698969,5.040494,-0.33555618,5.0268893,regarde_voisin_gauche
-0.293887,-0.6000683,-0.21619043,-0.74079514,-0.18079299,-0.74558353,-0.1403493,-0.7492718,-0.2768839,-0.7353644,-0.28727683,-0.737212,-0.2957207,-0.7399406,0.03340793,-0.70224106,-0.19163524,-0.7163537,-0.207797,-0.47240925,-0.28520957,-0.4691326,0.49706304,0.05411414,-0.49706304,-0.05411414,0.6949693,0.96393627,-0.7547326,0.7024087,0.7278002,1.8178914,-0.71889377,1.6453022,0.79247206,2.0518525,-0.76185066,1.8952272,0.7026052,2.0606697,-0.66218144,1.9001162,0.6586335,1.9575225,-0.6322887,1.8036741,0.30475757,1.8496706,-0.37310234,1.809587,0.23949058,3.3144414,-0.37216508,3.2916176,0.23376076,4.6689553,-0.37245595,4.656444,0.25914082,4.8911715,-0.3755312,4.877218,0.089361325,5.061938,-0.3279026,5.051516,regarde_voisin_gauche
-0.2951733,-0.59761035,-0.2174947,-0.7395621,-0.181848,-0.74486357,-0.14102699,-0.7489669,-0.27837092,-0.73379916,-0.2888239,-0.7358748,-0.29730022,-0.73885643,0.0326117,-0.70257306,-0.19326915,-0.71652585,-0.20865414,-0.47035536,-0.286535,-0.46791175,0.49697304,0.05493453,-0.49697304,-0.05493453,0.6782397,0.9237092,-0.75693345,0.705701,0.6639317,1.8208003,-0.76311916,1.6088109,0.7042765,2.052486,-0.8178818,1.8378799,0.61589164,2.0549657,-0.7305855,1.8240949,0.5785594,1.95435,-0.6940836,1.7387284,0.30269927,1.8523812,-0.37520194,1.812183,0.2367482,3.3186653,-0.37561148,3.2942917,0.22792695,4.672011,-0.38371363,4.6609707,0.2532823,4.8922334,-0.3861396,4.882289,0.074961804,5.068084,-0.35343513,5.0575037,regarde_voisin_gauche
-0.29258797,-0.5995588,-0.21492146,-0.7410358,-0.1792717,-0.74626637,-0.13812593,-0.75031245,-0.2759446,-0.7353202,-0.2864263,-0.73739654,-0.2949571,-0.7403812,0.03509277,-0.70403165,-0.19083391,-0.7180064,-0.20564666,-0.47221148,-0.2833199,-0.46995258,0.4973975,0.050948024,-0.4973975,-0.050948024,0.6696972,0.8946823,-0.75384885,0.7012266,0.665637,1.8170714,-0.7446124,1.6288923,0.7070228,2.0497134,-0.7956783,1.870333,0.6197748,2.0506177,-0.7092536,1.8649375,0.5819949,1.9500126,-0.6719568,1.7739315,0.30011457,1.8470209,-0.3762916,1.8066738,0.23138385,3.3111129,-0.3835099,3.2866292,0.21500959,4.661758,-0.39588645,4.650648,0.23848401,4.8784323,-0.40039116,4.8696733,0.06910908,5.058216,-0.35676172,5.0467525,regarde_voisin_gauche
-0.29309195,-0.5989072,-0.21507327,-0.746208,-0.17934707,-0.7517881,-0.13820042,-0.75536263,-0.27620673,-0.7375792,-0.28674737,-0.7389079,-0.29534376,-0.7410143,0.034996238,-0.70334345,-0.19242291,-0.7163028,-0.2071746,-0.47482723,-0.28492436,-0.47053707,0.49769327,0.04797297,-0.49769327,-0.04797297,0.67023456,0.88671356,-0.754546,0.70424455,0.67467225,1.8146702,-0.73699385,1.6314921,0.7164107,2.0509176,-0.78434616,1.8741263,0.62470305,2.048397,-0.6958207,1.8665291,0.5870852,1.9481256,-0.65927,1.7754806,0.30023372,1.8486034,-0.37721643,1.8084967,0.23154216,3.3142278,-0.38407078,3.2857554,0.21524738,4.66244,-0.3959031,4.64772,0.23887517,4.8757157,-0.40035498,4.8643045,0.07177637,5.060305,-0.3549758,5.04634,regarde_voisin_gauche
-0.2927849,-0.6014507,-0.2149339,-0.7478201,-0.17929965,-0.75329995,-0.13830984,-0.7569268,-0.27590457,-0.7393402,-0.2864006,-0.74071956,-0.2948872,-0.7429445,0.03473067,-0.70520324,-0.19123657,-0.71870095,-0.20696625,-0.47711855,-0.2840574,-0.47278723,0.49753237,0.04961398,-0.49753237,-0.04961398,0.6611693,0.882103,-0.75494814,0.69562286,0.6801016,1.841636,-0.7599165,1.6243881,0.7330123,2.0789158,-0.81355476,1.8652819,0.64095885,2.0811093,-0.7228822,1.8577175,0.5979635,1.9808791,-0.68375224,1.7681054,0.29951072,1.845044,-0.37797633,1.8036476,0.2205751,3.309933,-0.39766738,3.27924,0.1955126,4.652653,-0.41561875,4.6364365,0.21820737,4.865561,-0.41954148,4.8526964,0.050712194,5.049379,-0.37458783,5.035832,regarde_voisin_gauche
-0.29325664,-0.6164052,-0.21535116,-0.765803,-0.17986855,-0.7700886,-0.13926674,-0.7717026,-0.27584645,-0.7571564,-0.28630045,-0.7576057,-0.29471225,-0.7583309,0.034498416,-0.7092218,-0.1900179,-0.7224224,-0.20958368,-0.4930485,-0.28503677,-0.48679176,0.497573,0.049204923,-0.497573,-0.049204923,0.6622634,0.8823669,-0.7589636,0.6961477,0.72638184,1.8419646,-0.76675856,1.6268986,0.79499,2.0800173,-0.8175655,1.8663694,0.6933409,2.0846846,-0.723746,1.8596755,0.64664763,1.9836915,-0.6871781,1.7701005,0.301278,1.8467349,-0.37550506,1.8112218,0.23707399,3.3120522,-0.37349182,3.28799,0.23759174,4.654415,-0.36983395,4.6402307,0.26552552,4.867444,-0.3714033,4.856756,0.09216518,5.0512547,-0.32876238,5.03949,regarde_voisin_gauche
-0.2959942,-0.6154438,-0.21923228,-0.7631534,-0.18337536,-0.7676058,-0.14271006,-0.7695706,-0.27914327,-0.7550207,-0.28952634,-0.75577545,-0.29788154,-0.7568055,0.032095596,-0.7083238,-0.19313698,-0.72162545,-0.21216245,-0.49266863,-0.2876657,-0.48678064,0.49709797,0.053792357,-0.49709797,-0.053792357,0.7112169,1.0851942,-0.7718379,0.66206795,0.714384,1.8410352,-0.77096224,1.5918223,0.77540565,2.0804844,-0.8176226,1.8310887,0.6713436,2.0849018,-0.72247493,1.8272991,0.62997854,1.9783167,-0.6887675,1.7349765,0.29786685,1.8450425,-0.37840414,1.8043306,0.22997183,3.31185,-0.38860285,3.278812,0.22223964,4.6542673,-0.38769928,4.627499,0.25001296,4.8758473,-0.38465467,4.846756,0.06506193,5.0477815,-0.35595313,5.0280995,regarde_voisin_gauche
0.4003876,-0.6537049,0.3681395,-0.78515685,0.37283602,-0.78556734,0.37683168,-0.78570443,0.3178368,-0.7873118,0.28376713,-0.7896852,0.24790737,-0.7909985,0.2651775,-0.7386097,0.08286653,-0.7369285,0.37223706,-0.50309193,0.29827803,-0.4785218,0.49849665,0.03874407,-0.49849665,-0.03874407,0.69545156,0.8349425,-0.7472816,0.7834919,0.85642534,1.7377754,-0.67517257,1.8097347,0.95476735,1.9807612,-0.7091738,2.093474,0.86723906,2.003471,-0.6190369,2.1209228,0.80880505,1.9161301,-0.60015583,2.0059683,0.33978286,1.8975475,-0.33563158,1.914391,0.3027586,3.432019,-0.31352484,3.4803255,0.2786584,4.891197,-0.3388866,4.9126554,0.26216474,5.1269774,-0.38386536,5.1449976,0.2854234,5.289705,-0.18157043,5.299635,regarde_voisin_droite
0.40247968,-0.6550832,0.3700794,-0.7866002,0.3748129,-0.7870229,0.37885174,-0.78717756,0.31898257,-0.7886984,0.28459084,-0.79104614,0.24891762,-0.7923267,0.26722652,-0.73989457,0.08412257,-0.7378031,0.37369102,-0.5042243,0.29740062,-0.47961608,0.49855387,0.038000386,-0.49855387,-0.038000386,0.6990346,0.8389904,-0.7463294,0.7844173,0.8410016,1.7421998,-0.66370016,1.8161777,0.93388635,1.9858286,-0.6944445,2.103184,0.840054,2.0071807,-0.60447824,2.1342373,0.7855515,1.9216214,-0.5888164,2.0148177,0.34278476,1.8941041,-0.333642,1.9091856,0.30532578,3.4260852,-0.31292325,3.4730656,0.2735709,4.876845,-0.34827536,4.9032197,0.25653595,5.1128354,-0.39466578,5.1395683,0.27288622,5.2808714,-0.1897328,5.290582,regarde_voisin_droite
0.40551123,-0.6652266,0.37194514,-0.7970657,0.3758837,-0.79819816,0.37927592,-0.7988702,0.32351705,-0.797408,0.29106665,-0.79875666,0.25469676,-0.7993465,0.26667076,-0.7470747,0.089105956,-0.7442663,0.3747378,-0.5118518,0.30442467,-0.4927972,0.49856895,0.037802123,-0.49856895,-0.037802123,0.6985944,0.8446604,-0.7477437,0.81340796,0.8495527,1.7818854,-0.6830256,1.8491873,0.95008504,2.0090327,-0.72096854,2.124768,0.85704386,2.02459,-0.6257181,2.1434968,0.79578644,1.9547614,-0.6030041,2.0378416,0.33419782,1.9074239,-0.33522102,1.9275577,0.28809512,3.445908,-0.31700465,3.5037122,0.25782126,4.9015217,-0.36091438,4.934539,0.23273154,5.1373367,-0.41192898,5.167589,0.28195086,5.2967324,-0.18928364,5.31178,regarde_voisin_droite
0.40270102,-0.6638384,0.36931366,-0.7910662,0.37346733,-0.79190224,0.37725875,-0.79245967,0.32061523,-0.7929643,0.286926,-0.79520947,0.25099674,-0.79675007,0.26597038,-0.7437743,0.08691645,-0.7436715,0.3726388,-0.5144298,0.3020109,-0.49502543,0.49851635,0.038489755,-0.49851635,-0.038489755,0.69488573,0.83872885,-0.7449973,0.806029,0.848648,1.7694291,-0.67278594,1.8493328,0.95042616,1.9971541,-0.70843536,2.1245456,0.8601265,2.0128214,-0.617137,2.1407194,0.79803663,1.9411502,-0.5950318,2.0350287,0.33238155,1.8956178,-0.33407196,1.9156836,0.28649879,3.4274888,-0.31640714,3.4854217,0.25620526,4.8773603,-0.36016324,4.9083996,0.2319016,5.112618,-0.41065484,5.1391835,0.29491672,5.2671833,-0.17157334,5.2851987,regarde_voisin_droite
0.40190768,-0.6639169,0.36881912,-0.79059315,0.37321565,-0.7914141,0.37744722,-0.7919614,0.31852368,-0.7924707,0.28355366,-0.79467726,0.24633881,-0.7961147,0.269026,-0.74317163,0.08619883,-0.7424588,0.37241688,-0.51550573,0.29952958,-0.4946601,0.49852484,0.038379334,-0.49852484,-0.038379334,0.6987678,0.8386936,-0.7471731,0.80572,0.8841025,1.7658548,-0.7141797,1.8513478,0.99516183,1.9963624,-0.75530356,2.1322923,0.90868795,2.0129657,-0.6599822,2.1579425,0.844807,1.9402876,-0.63950926,2.0484362,0.33139354,1.8950946,-0.33818284,1.9149635,0.28637758,3.4292576,-0.32026204,3.4848917,0.25623068,4.8794694,-0.35989252,4.911417,0.23211889,5.1163874,-0.41093054,5.1463857,0.29550058,5.2705503,-0.16662486,5.2881746,regarde_voisin_droite
0.40857643,-0.66238654,0.37200364,-0.78923625,0.37474146,-0.7900445,0.37777364,-0.7906089,0.3269617,-0.7911265,0.2932524,-0.7932965,0.25735077,-0.79489005,0.26460335,-0.7421177,0.089642785,-0.74146724,0.3737386,-0.51094246,0.30369046,-0.49131024,0.49859202,0.037496533,-0.49859202,-0.037496533,0.6990122,0.8354561,-0.76848656,0.77449757,0.9054754,1.6664639,-0.71217376,1.7764311,1.0116937,1.8909924,-0.734408,2.0629015,0.9421455,1.8864623,-0.6389613,2.054591,0.87661356,1.8233926,-0.6260768,1.9483749,0.33287406,1.88767,-0.33712035,1.9104418,0.29567215,3.436307,-0.31398305,3.478751,0.2706411,4.8903832,-0.32449716,4.916178,0.24890053,5.124162,-0.36846185,5.1455746,0.30588636,5.2823906,-0.14240114,5.2957273,regarde_voisin_droite
0.40842035,-0.6594424,0.37368935,-0.7912969,0.37660408,-0.7921217,0.37975335,-0.7925305,0.3287314,-0.79325646,0.29498562,-0.79517764,0.2588093,-0.79617244,0.2662709,-0.7443894,0.09114918,-0.7425085,0.37338653,-0.5035634,0.3038352,-0.48702425,0.49847332,0.039043106,-0.49847332,-0.039043106,0.6984758,0.83565694,-0.7673037,0.7803657,0.9126219,1.6788288,-0.71095496,1.8098595,1.0261637,1.8998847,-0.7387129,2.0951052,0.95668685,1.8919312,-0.64455026,2.1004946,0.88827163,1.8383521,-0.6286943,1.9946475,0.3285738,1.9040543,-0.33969772,1.9263692,0.29069674,3.4562836,-0.31919345,3.5045035,0.25919485,4.915293,-0.34799692,4.9501095,0.23631392,5.1498775,-0.39977658,5.186538,0.29653615,5.306271,-0.16383244,5.322141,regarde_voisin_droite
0.40683874,-0.660626,0.37141097,-0.78922707,0.3740571,-0.7902355,0.37679657,-0.790844,0.3261735,-0.7907451,0.29268223,-0.7926918,0.25610027,-0.7937915,0.26290807,-0.74295694,0.08863223,-0.741274,0.37273493,-0.5122238,0.30350456,-0.49482784,0.4983577,0.040491875,-0.4983577,-0.040491875,0.69250524,0.83729774,-0.74562514,0.78204876,0.89523685,1.6973064,-0.71162057,1.7953101,1.0035805,1.9352152,-0.73954624,2.0706372,0.9280578,1.9380709,-0.6489073,2.0775275,0.8616165,1.8675462,-0.63041663,1.9730865,0.32586238,1.9014708,-0.34004107,1.9227417,0.28758758,3.4493546,-0.32341173,3.4946465,0.25605634,4.9055667,-0.35137835,4.929925,0.23426726,5.139837,-0.4019025,5.159231,0.28875077,5.2960052,-0.17425111,5.3084016,regarde_voisin_droite
0.4088126,-0.6612672,0.37253663,-0.7901813,0.374952,-0.791176,0.37742952,-0.7917586,0.32774037,-0.7916601,0.29427367,-0.79358995,0.25833833,-0.79472166,0.2628238,-0.74358004,0.090187535,-0.7420863,0.3735853,-0.5102134,0.30524483,-0.49343845,0.49831665,0.040994223,-0.49831665,-0.040994223,0.6934121,0.8393048,-0.7439628,0.7821698,0.89588636,1.7030659,-0.6657859,1.8013977,1.0041229,1.9419143,-0.69184107,2.083352,0.928239,1.9462813,-0.5975423,2.0895195,0.8620861,1.8733237,-0.5815486,1.9827074,0.3262391,1.9031143,-0.34092516,1.9261258,0.29132515,3.4481447,-0.3195603,3.4965625,0.27447665,4.902057,-0.33775908,4.9291224,0.25281656,5.1369643,-0.39046374,5.159055,0.3224479,5.2907286,-0.14034972,5.305803,regarde_voisin_droite
0.40717188,-0.6624013,0.37213674,-0.7905649,0.37477064,-0.791557,0.37736258,-0.7922063,0.32680458,-0.7919789,0.29240477,-0.79392326,0.2564983,-0.79516846,0.26289013,-0.74424493,0.0884425,-0.7426726,0.37304375,-0.5117947,0.30185217,-0.49436215,0.49820596,0.04231807,-0.49820596,-0.04231807,0.6944995,0.84047705,-0.7495876,0.7748267,0.8784387,1.7076466,-0.6804032,1.7866554,0.9749965,1.944651,-0.705056,2.0669627,0.8894175,1.9496825,-0.61329305,2.0780358,0.83050257,1.8794093,-0.5997357,1.9682622,0.3251669,1.8952535,-0.34272283,1.9099394,0.2872318,3.4329207,-0.32338384,3.4698875,0.25520965,4.8773,-0.3539845,4.8928266,0.23494838,5.1079183,-0.40198478,5.1250606,0.2662359,5.276783,-0.19347832,5.271355,regarde_voisin_droite
0.41016412,-0.66172177,0.3747644,-0.79092264,0.37729225,-0.79188216,0.37947068,-0.79246795,0.33065066,-0.79251623,0.29735795,-0.7944776,0.26233378,-0.79576546,0.2615635,-0.7443883,0.0914884,-0.7433336,0.37494114,-0.50776887,0.30473784,-0.493096,0.4981078,0.043458197,-0.4981078,-0.043458197,0.69897455,0.8416913,-0.7535606,0.76985866,0.84539366,1.7159135,-0.68749934,1.7857472,0.92748994,1.9537266,-0.71077055,2.066329,0.83761436,1.9615774,-0.61921006,2.0747313,0.7828371,1.8882513,-0.6052842,1.9658163,0.32354167,1.8907696,-0.34566376,1.8996314,0.27384785,3.4367068,-0.3308643,3.4509366,0.22481209,4.8857203,-0.37454325,4.889391,0.19998817,5.11477,-0.4198483,5.124368,0.23767224,5.288942,-0.22615115,5.263974,regarde_voisin_droite
0.4163997,-0.66580087,0.37799165,-0.7946121,0.37993383,-0.7956163,0.38183987,-0.7961569,0.3353017,-0.7956559,0.3029497,-0.7970921,0.26698545,-0.7978556,0.2604659,-0.7461091,0.0935568,-0.744114,0.37811142,-0.5083318,0.31084758,-0.49420312,0.49805543,0.0440545,-0.49805543,-0.0440545,0.70434827,0.84866816,-0.76588756,0.765416,0.8501284,1.7294062,-0.68357265,1.7772609,0.9326553,1.9744563,-0.703871,2.0655563,0.84503734,1.9826024,-0.6069341,2.0734475,0.79020894,1.9052676,-0.5958436,1.9623309,0.33070987,1.9035237,-0.33626118,1.9129747,0.2923814,3.4587977,-0.31983057,3.4770486,0.25797054,4.916056,-0.33545494,4.925123,0.23776835,5.146357,-0.3811183,5.1590943,0.28645,5.31968,-0.1665562,5.308627,regarde_voisin_droite
0.41856357,-0.6684225,0.3791936,-0.79696846,0.38107508,-0.7979276,0.38277644,-0.7983267,0.33666468,-0.79733056,0.30506837,-0.7982867,0.26892304,-0.7986429,0.26013497,-0.7458879,0.095110744,-0.74369854,0.38255113,-0.5089572,0.31956977,-0.49508548,0.49800083,0.044667296,-0.49800083,-0.044667296,0.70771,0.85208666,-0.7681069,0.76790583,0.85780424,1.7861627,-0.706749,1.810051,0.94725794,2.0262,-0.7424433,2.0967894,0.86070853,2.049545,-0.6434229,2.1145444,0.801919,1.9712381,-0.62445533,2.0074492,0.33092645,1.9133346,-0.3366433,1.9255227,0.29114744,3.4734774,-0.3202728,3.5032754,0.25518242,4.950437,-0.35625345,4.9617825,0.23192826,5.1868534,-0.40390113,5.1983843,0.28464246,5.3567195,-0.19330682,5.346965,regarde_voisin_droite
0.41449732,-0.66746604,0.37772366,-0.7958269,0.38010874,-0.7967775,0.38197657,-0.79718614,0.33207154,-0.79621094,0.2983555,-0.79718703,0.26194748,-0.79762524,0.26263714,-0.74470615,0.09284984,-0.7427621,0.38138327,-0.5085373,0.31288463,-0.49390593,0.49805287,0.04408323,-0.49805287,-0.04408323,0.70276153,0.86079854,-0.7653595,0.7744439,0.84379375,1.8007941,-0.7022632,1.8105848,0.9345044,2.0552235,-0.7411698,2.0949929,0.84181714,2.0864706,-0.64295113,2.1178894,0.7859206,1.9923725,-0.6241364,2.0081894,0.3309584,1.9120079,-0.33679798,1.9236497,0.2903565,3.4723988,-0.3212056,3.5010993,0.25415593,4.948652,-0.35930735,4.958679,0.23109014,5.1894283,-0.40768453,5.1972284,0.28118694,5.3514786,-0.19626637,5.3436503,regarde_voisin_droite
0.4148965,-0.6671347,0.37866235,-0.796137,0.3812929,-0.79706836,0.3833668,-0.7974386,0.33278474,-0.7965725,0.29926786,-0.7975454,0.26262957,-0.7979517,0.26445252,-0.7449231,0.09323228,-0.7428836,0.38179037,-0.5061879,0.31321388,-0.49194047,0.4980532,0.044079572,-0.4980532,-0.044079572,0.7031637,0.8579352,-0.766654,0.76292,0.8514888,1.7365346,-0.7021426,1.789871,0.94947815,1.9693208,-0.74102205,2.0715067,0.86809486,1.9867356,-0.64249814,2.089384,0.80691016,1.9074769,-0.623972,1.9802203,0.33173412,1.9132975,-0.3350331,1.9257249,0.2908172,3.473991,-0.32158673,3.5048587,0.25752214,4.9511375,-0.3573352,4.9617167,0.23435894,5.192442,-0.4069345,5.199759,0.2956789,5.350968,-0.17690475,5.34623,regarde_voisin_droite
0.41260144,-0.6663333,0.37698868,-0.79500926,0.37972665,-0.7959586,0.3818286,-0.7963592,0.3310093,-0.7954482,0.2974704,-0.79642606,0.26090965,-0.7968411,0.2633788,-0.7438768,0.09202053,-0.74173063,0.3801861,-0.5071862,0.3108354,-0.49162892,0.49807096,0.043878466,-0.49807096,-0.043878466,0.701204,0.85782313,-0.76671684,0.7626051,0.86624676,1.7381446,-0.7101472,1.7950622,0.9729398,1.9692323,-0.74997365,2.0787487,0.89003974,1.9922088,-0.65125996,2.104511,0.82677746,1.9120088,-0.63313913,1.9939888,0.32909396,1.91102,-0.33784473,1.922982,0.2865269,3.4690232,-0.32607988,3.5002375,0.25259846,4.943889,-0.36442143,4.954563,0.22941531,5.184853,-0.41627473,5.1921806,0.29073304,5.3424454,-0.18069555,5.338512,regarde_voisin_droite
0.39891183,-0.6543029,0.37210736,-0.78499377,0.3767136,-0.7860501,0.380323,-0.7868393,0.31799456,-0.7862379,0.28318232,-0.78873074,0.24643745,-0.7903375,0.26614934,-0.7397273,0.08459903,-0.739044,0.37453565,-0.50334257,0.2926887,-0.4840459,0.49817696,0.042658053,-0.49817696,-0.042658053,0.69861156,0.8560127,-0.7619201,0.7716751,0.8643598,1.7344047,-0.68481475,1.8230925,0.97059226,1.9671192,-0.71267754,2.1123493,0.8877367,1.9894863,-0.61563426,2.1307025,0.8247782,1.9083855,-0.5996068,2.0169947,0.3284306,1.9035711,-0.33948818,1.9174156,0.28580758,3.4525855,-0.32536402,3.4903753,0.25197273,4.9133024,-0.36380377,4.929927,0.22872333,5.1529837,-0.4168869,5.1667075,0.2899137,5.312329,-0.17535365,5.310466,regarde_voisin_droite
0.40044776,-0.659166,0.3722043,-0.788249,0.37668628,-0.7892188,0.38023764,-0.7899289,0.32034203,-0.7895603,0.28619605,-0.7916933,0.24959074,-0.79305434,0.2648779,-0.7415631,0.08605321,-0.74034524,0.37462828,-0.50600356,0.2960234,-0.48855758,0.49812302,0.04328329,-0.49812302,-0.04328329,0.70071626,0.8555663,-0.7638643,0.76392573,0.8593638,1.737527,-0.66203356,1.7880635,0.9568987,1.9707612,-0.6814878,2.0720081,0.868237,1.9939967,-0.586426,2.0815392,0.809788,1.9125122,-0.5757241,1.9684137,0.331894,1.9010433,-0.3356225,1.914487,0.29050437,3.4447823,-0.32305127,3.4843364,0.25446174,4.8954296,-0.36075142,4.916122,0.23351471,5.130486,-0.41063815,5.1510425,0.28640628,5.2956996,-0.17898862,5.300667,regarde_voisin_droite
0.39552104,-0.6555557,0.3699986,-0.78746355,0.37546128,-0.78801495,0.37971595,-0.7880435,0.3137318,-0.7889025,0.27862853,-0.79054,0.2416644,-0.79107255,0.26510584,-0.7397556,0.08299661,-0.7379237,0.37016645,-0.50097656,0.28657812,-0.48096374,0.4983286,0.04084863,-0.4983286,-0.04084863,0.69547343,0.8548376,-0.7549803,0.7685737,0.8588562,1.7473472,-0.6562639,1.8119793,0.9561629,1.992179,-0.68302524,2.1031156,0.8683527,2.022946,-0.5869754,2.129437,0.8101507,1.9345367,-0.57402223,2.0107393,0.3347475,1.8989981,-0.3314078,1.9136536,0.29941103,3.446321,-0.3086721,3.4866574,0.26223338,4.9040794,-0.3495929,4.9309993,0.23991941,5.1427445,-0.40472946,5.1724067,0.30455157,5.299647,-0.16107035,5.311284,regarde_voisin_droite
0.3949039,-0.65484905,0.3698288,-0.78621024,0.3754159,-0.7869055,0.37974548,-0.78710335,0.31339526,-0.7875782,0.27784526,-0.78929704,0.2406123,-0.7900117,0.2653693,-0.7390599,0.08094126,-0.7370211,0.36938784,-0.5009947,0.28324968,-0.4797908,0.4983467,0.04062751,-0.4983467,-0.04062751,0.7003858,0.85409707,-0.75203896,0.785412,0.91747165,1.7474475,-0.6645291,1.8395575,1.0399501,1.9901417,-0.69423556,2.13576,0.96290565,2.0198863,-0.5969338,2.1539085,0.89173096,1.9334916,-0.5814888,2.0399492,0.33462465,1.90114,-0.33388093,1.9161767,0.29791343,3.4508774,-0.31408456,3.4955797,0.2588656,4.9078646,-0.35917696,4.938507,0.23498297,5.1445737,-0.4156807,5.178281,0.30443147,5.3035116,-0.16614531,5.3166175,regarde_voisin_droite
0.39595488,-0.6537069,0.3703593,-0.78422344,0.3760935,-0.7849278,0.3805317,-0.7852397,0.31385443,-0.7857638,0.2779271,-0.78751266,0.24053393,-0.788288,0.2655889,-0.73737013,0.08073229,-0.73501164,0.37093556,-0.49906743,0.28539506,-0.47747654,0.4982328,0.04200081,-0.4982328,-0.04200081,0.7005551,0.85733974,-0.7560197,0.77724975,0.89354634,1.7535805,-0.7027635,1.7336193,1.0045433,1.9986356,-0.74579924,2.0028446,0.92287207,2.0300393,-0.6537163,2.0262005,0.8594209,1.9405134,-0.6366784,1.9172373,0.33446366,1.9015354,-0.33491033,1.9129999,0.29674077,3.4465375,-0.32084742,3.4853399,0.25842145,4.9023128,-0.3614655,4.9247403,0.2346988,5.1427402,-0.4176948,5.1636233,0.2989253,5.294933,-0.16747186,5.3077984,regarde_voisin_droite
0.40000015,-0.65874976,0.37211254,-0.79069537,0.37728795,-0.7914573,0.38147038,-0.79160047,0.31956717,-0.79217476,0.28639764,-0.79382926,0.25021517,-0.79433584,0.26589772,-0.74231803,0.086655535,-0.74065554,0.37281653,-0.5017157,0.2955841,-0.48413953,0.49818006,0.04262178,-0.49818006,-0.04262178,0.70522773,0.856421,-0.7298657,0.79881305,0.85923237,1.7551267,-0.61931777,1.8236855,0.9502533,1.9999422,-0.6449716,2.1052635,0.86202395,2.0284529,-0.552644,2.1189451,0.80519915,1.9407016,-0.5380448,2.007466,0.33710897,1.9115924,-0.33239844,1.929969,0.30444264,3.4547358,-0.30929565,3.5013008,0.2845694,4.9118876,-0.33841652,4.9362564,0.26071066,5.1513267,-0.39134717,5.1741,0.3320569,5.3082423,-0.1480764,5.316845,regarde_voisin_droite
0.40103108,-0.65613776,0.3735296,-0.7876511,0.37854078,-0.7883504,0.38252616,-0.7884479,0.32124847,-0.7892992,0.28779706,-0.79097384,0.25136164,-0.7914995,0.26662636,-0.7391382,0.087113954,-0.73780125,0.37317055,-0.49994883,0.2954161,-0.48166317,0.4981264,0.04324484,-0.4981264,-0.04324484,0.703439,0.85926163,-0.7332338,0.8010719,0.8737151,1.8038887,-0.6457009,1.8399014,0.98076075,2.0416522,-0.67789084,2.124773,0.89826924,2.075323,-0.5861531,2.1386578,0.8311486,1.9932587,-0.56521064,2.0305204,0.33415812,1.916576,-0.33593306,1.9343591,0.27889267,3.4552252,-0.32361183,3.5088716,0.2342908,4.912464,-0.39919135,4.9440465,0.20247474,5.154089,-0.4603264,5.182395,0.29583082,5.3070846,-0.19769225,5.328111,regarde_voisin_droite
0.40817377,-0.655328,0.37704843,-0.78706104,0.38053724,-0.7877982,0.3833905,-0.7879868,0.32935426,-0.78878254,0.29672956,-0.79048896,0.26051566,-0.79121804,0.26523998,-0.7389041,0.09017249,-0.7380142,0.37452742,-0.49809873,0.30111438,-0.4808507,0.49815893,0.042868238,-0.49815893,-0.042868238,0.7040635,0.8499463,-0.7451298,0.7902942,0.9372762,1.6381239,-0.64852256,1.8082333,1.0651786,1.8485737,-0.68195075,2.1002505,1.0038862,1.8576792,-0.5896821,2.102146,0.9276274,1.7959052,-0.5689248,1.9901534,0.33398288,1.90093,-0.3372552,1.9187306,0.28078172,3.437467,-0.3243128,3.480683,0.23584604,4.8976965,-0.39315572,4.923474,0.20543936,5.134527,-0.4550949,5.1610336,0.2956426,5.287899,-0.1896717,5.296787,regarde_voisin_droite
0.40846175,-0.6583799,0.37705508,-0.7915759,0.38041842,-0.79240113,0.38314277,-0.7924549,0.33082104,-0.7929801,0.2993744,-0.79456383,0.26350975,-0.7948301,0.2640978,-0.7420484,0.09232354,-0.7412354,0.37433848,-0.50062674,0.30330914,-0.48635203,0.49804324,0.04419209,-0.49804324,-0.04419209,0.70705813,0.8472386,-0.7555736,0.768796,0.93638504,1.6592726,-0.66248184,1.7833091,1.0580091,1.8791564,-0.69028056,2.0736635,0.9897127,1.8910475,-0.5938938,2.0753646,0.91720974,1.823697,-0.5766268,1.9659499,0.33369645,1.9003781,-0.3376393,1.9183655,0.28334346,3.437979,-0.319791,3.4819434,0.24226543,4.900394,-0.37525523,4.9269423,0.21426964,5.135889,-0.42820013,5.1659627,0.29538628,5.290657,-0.1898202,5.299135,regarde_voisin_droite
0.4125707,-0.66001976,0.37741348,-0.79305357,0.38039717,-0.7941075,0.38269237,-0.7945587,0.33336598,-0.79405594,0.30286545,-0.7955271,0.26689896,-0.79576105,0.25699303,-0.7434389,0.09495582,-0.7420484,0.37554565,-0.5014869,0.30817446,-0.48698243,0.4980592,0.044011563,-0.4980592,-0.044011563,0.7064179,0.85607415,-0.75799173,0.77016985,0.8963597,1.7451909,-0.6642774,1.7931769,1.0009787,2.0045056,-0.6937315,2.083301,0.9128183,2.0262547,-0.59792733,2.0950935,0.8504196,1.9406723,-0.57998663,1.9854733,0.33601424,1.903451,-0.33678684,1.920871,0.28882512,3.4466515,-0.3182178,3.486744,0.2536715,4.908168,-0.36068758,4.924115,0.22900312,5.1437335,-0.40863356,5.158121,0.29663426,5.2986927,-0.18584125,5.302267,regarde_voisin_droite
0.41244256,-0.6587596,0.37781557,-0.7920019,0.38169286,-0.79305005,0.3852403,-0.7935456,0.3327581,-0.7928167,0.30059606,-0.79407656,0.26367688,-0.79415184,0.26274645,-0.7421642,0.09391482,-0.7388803,0.37695625,-0.49978158,0.3079539,-0.48411492,0.49822512,0.042092014,-0.49822512,-0.042092014,0.69131106,0.85623467,-0.7565967,0.782179,0.8966574,1.764324,-0.7035057,1.8396096,1.0027488,2.0169256,-0.74632406,2.1284697,0.91552967,2.0485783,-0.65071815,2.1607227,0.853138,1.9643058,-0.6300291,2.0501301,0.33390063,1.9050895,-0.33700067,1.9226165,0.28903762,3.4542136,-0.31831074,3.4970374,0.25492975,4.9262414,-0.3603668,4.9432154,0.23067075,5.1671534,-0.4088481,5.178945,0.30069128,5.312009,-0.1815322,5.322706,regarde_voisin_droite
0.41366392,-0.6590762,0.3802052,-0.7921302,0.3844635,-0.793223,0.38820916,-0.7937699,0.3337052,-0.7929963,0.3014386,-0.7942838,0.2643757,-0.7943881,0.2659864,-0.7424486,0.09479439,-0.7391132,0.37988114,-0.50052476,0.3094081,-0.48452637,0.4982563,0.04172141,-0.4982563,-0.04172141,0.6944744,0.856435,-0.75162244,0.7881366,0.8978307,1.7774959,-0.68684,1.8656837,1.0046501,2.0232975,-0.7237646,2.1534898,0.920044,2.0515077,-0.63228256,2.174686,0.85599655,1.9708813,-0.6117926,2.0654204,0.33402488,1.9093262,-0.33676222,1.9284374,0.28919756,3.4551735,-0.31811577,3.5043454,0.25590038,4.9284573,-0.36007777,4.946497,0.2310023,5.168791,-0.40900394,5.180569,0.30645055,5.316663,-0.18068652,5.3268666,regarde_voisin_droite
0.4210002,-0.6609938,0.3851711,-0.7924183,0.3878198,-0.79335856,0.39020333,-0.793784,0.34075743,-0.7935111,0.31022897,-0.7949364,0.27400628,-0.7953061,0.2666004,-0.7419522,0.10001956,-0.7404059,0.38438845,-0.502325,0.3192582,-0.48708275,0.49824628,0.041840706,-0.49824628,-0.041840706,0.6939837,0.8593752,-0.75095487,0.7873337,0.8869813,1.8105682,-0.68694,1.8621107,0.9882941,2.0566492,-0.72462463,2.1504202,0.90422463,2.0798109,-0.6337863,2.1677759,0.8405209,1.9998193,-0.6123965,2.0615444,0.33366752,1.9171073,-0.33711496,1.9341241,0.28858262,3.4613085,-0.32213137,3.5095413,0.25527415,4.9371614,-0.36541772,4.949301,0.22992879,5.174546,-0.41321552,5.18085,0.30321893,5.3345428,-0.1934269,5.3326025,regarde_voisin_droite
0.4083181,-0.6544416,0.37747315,-0.78463626,0.38165405,-0.78587204,0.38508314,-0.7868176,0.32684126,-0.7856049,0.29275376,-0.7876089,0.2561952,-0.78880763,0.2637329,-0.73759013,0.091399334,-0.73608834,0.37788224,-0.5001233,0.301099,-0.48101598,0.49823052,0.042028107,-0.49823052,-0.042028107,0.6980989,0.85586137,-0.7494188,0.7896191,0.86546206,1.8127847,-0.6786567,1.8656074,0.96119285,2.0677829,-0.7150599,2.1511984,0.87015104,2.0918705,-0.62641454,2.1773138,0.8107873,2.0024421,-0.60516745,2.0661871,0.33515096,1.9092416,-0.3349665,1.9253788,0.2893868,3.4476643,-0.32162058,3.4938078,0.25748196,4.9128604,-0.36063942,4.9246907,0.23654248,5.148842,-0.40268603,5.155077,0.28850928,5.314645,-0.19758995,5.3078375,regarde_voisin_droite
0.40764725,-0.64770633,0.37732625,-0.7800743,0.38165924,-0.7814118,0.38531446,-0.7824814,0.32660308,-0.78151166,0.29249746,-0.78395855,0.2559806,-0.7858779,0.2656045,-0.735708,0.09142679,-0.7352966,0.37578875,-0.4920272,0.2972189,-0.4726243,0.4982696,0.041562047,-0.4982696,-0.041562047,0.6947334,0.8562744,-0.7472337,0.7912579,0.86537427,1.7880851,-0.6687593,1.8671365,0.96183896,2.0358717,-0.7058207,2.1508484,0.8714279,2.0667427,-0.6214844,2.1759784,0.8116672,1.9774477,-0.6007654,2.0643504,0.33485633,1.9084252,-0.33586603,1.9251155,0.28608567,3.4473999,-0.32486323,3.4937022,0.2486175,4.914674,-0.37674662,4.9315414,0.2256839,5.154639,-0.42813298,5.165417,0.27891582,5.314183,-0.20095637,5.316102,regarde_voisin_droite
0.4074002,-0.6473787,0.37796205,-0.7815072,0.3822136,-0.78293073,0.38571796,-0.78411776,0.32743496,-0.78327113,0.29334658,-0.785779,0.25682807,-0.7878098,0.26611644,-0.7384761,0.09238529,-0.73797905,0.3727406,-0.49252746,0.29486683,-0.47354364,0.49848408,0.03890534,-0.49848408,-0.03890534,0.69567734,0.8538862,-0.7462692,0.7881991,0.8665958,1.7852502,-0.6601712,1.8645543,0.9637035,2.031954,-0.69150585,2.1471958,0.87460405,2.0612655,-0.6061686,2.1709924,0.81422895,1.974268,-0.5882517,2.0607183,0.3361099,1.8941795,-0.33028093,1.9153457,0.28732148,3.4318154,-0.3219938,3.4814503,0.25021854,4.890249,-0.36552948,4.913616,0.22702537,5.1266146,-0.415974,5.14489,0.28556365,5.2863626,-0.18896393,5.2939386,regarde_voisin_droite
0.40819877,-0.64299226,0.37949485,-0.7764954,0.38341433,-0.7779381,0.38658684,-0.77915335,0.32927692,-0.7783245,0.29580212,-0.7809612,0.2587217,-0.7832139,0.26626223,-0.73408616,0.0927534,-0.73425496,0.37292117,-0.48870316,0.29683763,-0.46976775,0.49818453,0.042569492,-0.49818453,-0.042569492,0.69549936,0.8565113,-0.74304503,0.7910367,0.8656735,1.8064425,-0.6427877,1.8660771,0.96353906,2.0477715,-0.6707939,2.1494482,0.87538636,2.071306,-0.5786616,2.1713812,0.8137531,1.9885147,-0.55791706,2.0620823,0.335198,1.9021116,-0.33237743,1.9194262,0.28499308,3.4293041,-0.32356614,3.479742,0.2486449,4.872059,-0.37563026,4.891261,0.22438942,5.1024265,-0.42444944,5.1159515,0.28186032,5.2718687,-0.20850685,5.2752233,regarde_voisin_droite
0.41370183,-0.64266616,0.38166443,-0.7761003,0.38457486,-0.7776677,0.38723788,-0.779084,0.3359607,-0.77801704,0.30509588,-0.78082305,0.26932648,-0.78332895,0.2639307,-0.73447424,0.09668889,-0.734817,0.37583792,-0.48783422,0.30522457,-0.46968788,0.498232,0.042010248,-0.498232,-0.042010248,0.6965561,0.8581673,-0.74858445,0.7869716,0.868352,1.7805228,-0.6441666,1.8551619,0.9673704,2.0230176,-0.67171466,2.1414378,0.8800666,2.0436614,-0.5789126,2.161965,0.8183084,1.963265,-0.55946344,2.051198,0.3364997,1.9012467,-0.33203465,1.9223351,0.29542136,3.430029,-0.31241217,3.4833305,0.2764248,4.87465,-0.34061098,4.894847,0.256448,5.106649,-0.38524508,5.120298,0.3047368,5.273634,-0.16890259,5.2770205,regarde_voisin_droite
0.4142932,-0.63916826,0.38309512,-0.7736817,0.38632205,-0.7752233,0.38926047,-0.7766159,0.33691794,-0.775712,0.30597937,-0.7784873,0.2700931,-0.7809339,0.26599026,-0.7320561,0.09793361,-0.73263156,0.37635946,-0.4824208,0.30502737,-0.46368653,0.49825472,0.041740168,-0.49825472,-0.041740168,0.6820324,0.8553393,-0.7474943,0.78932464,0.8754614,1.754363,-0.65014845,1.8264632,0.9821696,1.9936464,-0.685054,2.1182282,0.9083155,2.0187829,-0.58947253,2.1373253,0.84191525,1.939856,-0.5697506,2.0242026,0.33484176,1.9027643,-0.33293048,1.9234468,0.29003826,3.4311855,-0.31842804,3.484754,0.26241624,4.880418,-0.35955423,4.900906,0.23657367,5.1135745,-0.42098477,5.129568,0.30543467,5.2725644,-0.1670719,5.283137,regarde_voisin_droite
0.4160248,-0.641762,0.38420188,-0.77405924,0.38703525,-0.7755525,0.38960776,-0.77690655,0.33818838,-0.776175,0.30758333,-0.77896446,0.27138892,-0.7814471,0.26628146,-0.73251784,0.09937884,-0.7338346,0.3776107,-0.488215,0.30734843,-0.47000882,0.49819404,0.04245812,-0.49819404,-0.04245812,0.6878626,0.8538894,-0.74561685,0.7904192,0.8771078,1.7536064,-0.6525392,1.8305168,0.9852865,1.9931653,-0.68886566,2.119704,0.9083071,2.0179398,-0.59387577,2.1416085,0.8418366,1.939038,-0.57385194,2.0287333,0.3343489,1.9019113,-0.33384532,1.9219396,0.2894875,3.4289486,-0.3184239,3.4825404,0.2623195,4.877427,-0.35942233,4.897942,0.23663086,5.1106496,-0.42029488,5.12675,0.3052683,5.268655,-0.16743845,5.2797775,regarde_voisin_droite
0.41670367,-0.6423374,0.38491067,-0.7748075,0.3877538,-0.77631414,0.3902761,-0.7776833,0.33917442,-0.7770332,0.30898017,-0.7798565,0.27287027,-0.7823482,0.2659135,-0.733376,0.10036028,-0.7348569,0.37824908,-0.48808366,0.3085522,-0.47055605,0.4981904,0.042500716,-0.4981904,-0.042500716,0.70401365,0.84795475,-0.74992967,0.792116,0.93179816,1.6914772,-0.7086137,1.8375257,1.057587,1.9046535,-0.7499625,2.1285198,0.99497217,1.9222493,-0.65545994,2.146873,0.9201949,1.8599693,-0.6338774,2.0352132,0.32933223,1.9047046,-0.34068075,1.9252017,0.28908044,3.4349124,-0.32193393,3.4915144,0.2627208,4.8929663,-0.3601889,4.9197636,0.2371985,5.126611,-0.42090812,5.150343,0.30575344,5.28172,-0.16687486,5.2963467,regarde_voisin_droite
0.41596293,-0.63608557,0.38485342,-0.7684516,0.38785774,-0.7699643,0.3904447,-0.77154404,0.33865908,-0.7713985,0.3072592,-0.7747806,0.27089486,-0.77827525,0.2662161,-0.7314271,0.097993396,-0.73308504,0.37775218,-0.48135328,0.3051434,-0.46178886,0.4982817,0.041416787,-0.4982817,-0.041416787,0.7056091,0.84701246,-0.74762326,0.8026404,0.92628515,1.7044408,-0.70656836,1.8777002,1.0485592,1.9259572,-0.7447361,2.1660752,0.9751204,1.9357471,-0.6525386,2.1817024,0.9025707,1.8715926,-0.63057256,2.0709944,0.33112907,1.9031557,-0.3395611,1.9260541,0.29130638,3.4405763,-0.31890967,3.4965782,0.2662409,4.89497,-0.3521903,4.921751,0.24256454,5.1280904,-0.4099384,5.152873,0.30654073,5.2895436,-0.15880592,5.299532,regarde_voisin_droite
0.41951448,-0.63785374,0.38811588,-0.77051765,0.39025572,-0.7721487,0.39201722,-0.7737148,0.3426008,-0.77316576,0.31228426,-0.77642864,0.27622637,-0.7795909,0.26642215,-0.7321359,0.101776615,-0.7339547,0.38030204,-0.48265228,0.31092218,-0.46523425,0.4982677,0.041584715,-0.4982677,-0.041584715,0.7041617,0.84822834,-0.7486261,0.80242115,0.91768175,1.7503188,-0.70380074,1.8693321,1.031618,1.9784522,-0.74098814,2.1529198,0.9606374,1.9988012,-0.6487027,2.164374,0.8910291,1.9310738,-0.6272225,2.0592496,0.32904753,1.904742,-0.34061128,1.9268203,0.28803295,3.4464338,-0.32525635,3.5007799,0.2641414,4.9144154,-0.3580879,4.9345393,0.2396322,5.1489725,-0.414886,5.163815,0.30676275,5.3072767,-0.16474575,5.315522,regarde_voisin_droite
0.42373186,-0.6381241,0.391698,-0.7723699,0.392563,-0.77397186,0.39331645,-0.7754615,0.34923655,-0.7748614,0.32077104,-0.77805656,0.28693235,-0.78082144,0.26679882,-0.73215437,0.10792862,-0.7333232,0.38118374,-0.47916663,0.31460568,-0.46450275,0.49846715,0.03912179,-0.49846715,-0.03912179,0.70517176,0.8540664,-0.73941606,0.8018114,0.9175691,1.7874552,-0.7021653,1.869827,1.03168,2.0324724,-0.73932534,2.1533606,0.9545543,2.0631473,-0.6467892,2.1657147,0.88842374,1.9846616,-0.62562746,2.0603518,0.33339995,1.9091679,-0.33578542,1.9282343,0.29501888,3.4647317,-0.32064912,3.507788,0.27773136,4.9444547,-0.3454632,4.9520893,0.25614092,5.1789403,-0.39432633,5.180608,0.31290445,5.3433576,-0.16445428,5.339082,regarde_voisin_droite
0.42766917,-0.6413388,0.39457497,-0.7755308,0.39482424,-0.77763176,0.39486834,-0.779568,0.3516081,-0.7768775,0.32313603,-0.7799164,0.28944024,-0.78245723,0.26748514,-0.7345211,0.11011875,-0.7346464,0.38544154,-0.48390293,0.3219152,-0.47053134,0.4984569,0.03925218,-0.4984569,-0.03925218,0.7076147,0.8559076,-0.74002796,0.80956095,0.9365816,1.7913626,-0.7022693,1.8966982,1.0563352,2.0332296,-0.7440518,2.1785052,0.97997856,2.0629776,-0.6536981,2.1896932,0.90843606,1.9866847,-0.62835336,2.0892773,0.33543912,1.91692,-0.3357522,1.9388211,0.30215365,3.4710157,-0.31351745,3.5216622,0.2945173,4.9513574,-0.33615115,4.961751,0.27358192,5.1841626,-0.38248426,5.1875563,0.3284795,5.3551283,-0.16120373,5.3507504,regarde_voisin_droite
0.42713737,-0.6398971,0.3946414,-0.77438986,0.3951662,-0.7762234,0.39549136,-0.77780193,0.3514336,-0.776138,0.32293576,-0.7792065,0.28918278,-0.7816914,0.2682712,-0.7325033,0.11000123,-0.7344416,0.38475692,-0.48177212,0.31967163,-0.4685437,0.49845323,0.03929843,-0.49845323,-0.03929843,0.7083443,0.85584146,-0.740655,0.809564,0.935085,1.8040192,-0.70125026,1.9094087,1.0534151,2.048591,-0.7443277,2.1907823,0.9777662,2.081344,-0.6560019,2.2063253,0.90690583,2.0038168,-0.6295979,2.1034687,0.33742407,1.9172783,-0.33456933,1.9388016,0.30195987,3.472665,-0.31516963,3.5232008,0.29137924,4.9552193,-0.3436901,4.967487,0.27164194,5.186176,-0.38626122,5.1924243,0.30760396,5.365309,-0.1903971,5.36148,regarde_voisin_droite
0.42734095,-0.6375329,0.39520285,-0.77183074,0.39573887,-0.7736921,0.3960298,-0.77535236,0.35200343,-0.77364904,0.32350194,-0.7766146,0.28956538,-0.77894765,0.26943383,-0.7305005,0.1107395,-0.73116535,0.38516918,-0.4806742,0.31813172,-0.46611756,0.49851435,0.038515363,-0.49851435,-0.038515363,0.70669395,0.8516447,-0.73560566,0.82906634,0.93197596,1.7967547,-0.6769416,1.9240501,1.0488244,2.0392485,-0.7131146,2.21236,0.9729777,2.070453,-0.62333643,2.2225487,0.9025223,1.9946884,-0.5997933,2.1165283,0.33505356,1.9114803,-0.3387902,1.9329618,0.2931576,3.4596999,-0.3175759,3.5118287,0.27531707,4.9355927,-0.35777113,4.949408,0.24977924,5.167952,-0.41313148,5.1745906,0.30918652,5.3409133,-0.18524547,5.3406043,regarde_voisin_droite
0.4262613,-0.6381038,0.39491343,-0.77244925,0.3956788,-0.7743036,0.39605352,-0.77596134,0.3508107,-0.77472603,0.3218121,-0.7777149,0.28687572,-0.78013057,0.2692331,-0.73144466,0.10957371,-0.7327845,0.3847464,-0.4814845,0.31701183,-0.46694782,0.4984569,0.03925194,-0.4984569,-0.03925194,0.7070206,0.8526293,-0.736438,0.81398374,0.9075295,1.7877345,-0.65698934,1.896216,1.0143564,2.0285869,-0.688582,2.184952,0.9432824,2.0522904,-0.60041124,2.188774,0.8759005,1.977557,-0.5794876,2.082155,0.3435472,1.9147466,-0.3296653,1.9380449,0.30889738,3.4583178,-0.30646718,3.516507,0.2986607,4.934642,-0.3388416,4.947351,0.27313086,5.168684,-0.39096224,5.171423,0.3451179,5.338749,-0.15467115,5.3357816,regarde_voisin_droite
0.42622632,-0.6346577,0.39541274,-0.7696747,0.39620838,-0.77141565,0.3965898,-0.77294165,0.35100752,-0.772036,0.32190883,-0.7750928,0.2869179,-0.77753204,0.27065048,-0.7289813,0.109771416,-0.7309039,0.38440737,-0.47842383,0.31577843,-0.46400708,0.49844813,0.039363265,-0.49844813,-0.039363265,0.70571166,0.85093176,-0.73672134,0.8113351,0.888106,1.8128018,-0.6683255,1.8927008,0.98903966,2.0600276,-0.7074614,2.180117,0.9075424,2.0882797,-0.61782444,2.1853585,0.84320337,2.0060945,-0.593492,2.078761,0.34353933,1.9121083,-0.32901743,1.9348755,0.29585007,3.4496806,-0.3119167,3.5032606,0.25893363,4.9208703,-0.37010738,4.928077,0.22847314,5.1565776,-0.42199358,5.1536274,0.299048,5.3226137,-0.20328161,5.3174024,regarde_voisin_droite
0.42642012,-0.6350414,0.3956388,-0.76956075,0.3964646,-0.7712562,0.3968587,-0.772768,0.3513301,-0.7719318,0.32235196,-0.774948,0.28740472,-0.7773588,0.27034304,-0.7280171,0.11011986,-0.7307266,0.38473368,-0.47828153,0.3163296,-0.46386543,0.49844316,0.03942618,-0.49844316,-0.03942618,0.7044754,0.85122997,-0.7368615,0.81272334,0.887039,1.8224897,-0.69534165,1.9073163,0.98983794,2.0642922,-0.74580413,2.1952186,0.90857476,2.0969398,-0.65193164,2.2142744,0.84331733,2.0176263,-0.62356985,2.1075203,0.3364084,1.9133589,-0.33752748,1.9349414,0.28258422,3.4516058,-0.31693166,3.5043526,0.24983734,4.9219394,-0.3801857,4.931545,0.21968195,5.159728,-0.4345206,5.161128,0.29521564,5.322726,-0.20418686,5.3181825,regarde_voisin_droite
0.42699346,-0.63546354,0.3960159,-0.7692823,0.39672294,-0.77108604,0.3970138,-0.7727412,0.3518589,-0.7717397,0.3229622,-0.7749035,0.2877739,-0.7775194,0.27039433,-0.7285101,0.11084381,-0.73126596,0.3851409,-0.47949198,0.31810898,-0.46509972,0.49827236,0.041529063,-0.49827236,-0.041529063,0.70006293,0.85128194,-0.7402971,0.8026209,0.8920004,1.7464249,-0.6314468,1.8447444,0.99809957,1.9652451,-0.65176904,2.1414077,0.93207765,1.9728527,-0.5523139,2.129749,0.8619382,1.9077946,-0.5370773,2.021121,0.33779523,1.9140669,-0.33594677,1.935644,0.29317623,3.44391,-0.31384945,3.5001948,0.2786312,4.902217,-0.35162437,4.9101067,0.25334606,5.132234,-0.39938852,5.131912,0.31657115,5.306735,-0.17442295,5.296166,regarde_voisin_droite
0.42540652,-0.63184303,0.39427602,-0.76630706,0.39533272,-0.7681633,0.39599484,-0.7699114,0.35074311,-0.76854694,0.32103422,-0.77154416,0.28618374,-0.7741476,0.2696234,-0.7255044,0.1088714,-0.72707564,0.3842692,-0.47625032,0.31599706,-0.4594573,0.49840426,0.03991494,-0.49840426,-0.03991494,0.69890314,0.85072154,-0.73606443,0.80572766,0.8873323,1.791071,-0.62670904,1.8895344,0.99385405,2.0222564,-0.6523842,2.1837006,0.91899323,2.0454895,-0.5567508,2.1859665,0.84921885,1.9739347,-0.5376918,2.0793495,0.33835873,1.9149979,-0.33420333,1.9434525,0.3020632,3.4431825,-0.2979784,3.510569,0.2938536,4.903701,-0.3391146,4.92927,0.26832953,5.1360564,-0.39062738,5.1539397,0.3421507,5.3098836,-0.15296921,5.3169045,regarde_voisin_droite
0.42586365,-0.637654,0.3949469,-0.770908,0.39606464,-0.7726776,0.39664027,-0.77419084,0.35074636,-0.7730395,0.3211229,-0.77582735,0.2860102,-0.7778775,0.27030075,-0.72881794,0.108741716,-0.7299742,0.38498226,-0.48112732,0.31772438,-0.46566105,0.49837983,0.040218793,-0.49837983,-0.040218793,0.70213014,0.84945524,-0.7344094,0.805606,0.89921546,1.7183998,-0.6476632,1.8274342,1.0075691,1.9475324,-0.68626446,2.104648,0.94259554,1.9626193,-0.6009458,2.0985475,0.87424827,1.8922293,-0.5780234,1.9947047,0.3404332,1.9173437,-0.33391255,1.9460758,0.30927613,3.4488518,-0.30097166,3.514862,0.30482784,4.9159846,-0.3335643,4.940235,0.2836217,5.148903,-0.3843068,5.1642523,0.34952006,5.321997,-0.13701122,5.329669,regarde_voisin_droite
0.42456812,-0.6389863,0.3942887,-0.7727641,0.395474,-0.7744598,0.3960984,-0.7759036,0.35008016,-0.7751321,0.32056558,-0.7780402,0.2856858,-0.779927,0.2705727,-0.7294201,0.108427435,-0.73097444,0.38367042,-0.48084334,0.31690687,-0.46709278,0.49815676,0.04289355,-0.49815676,-0.04289355,0.6975965,0.852602,-0.74993265,0.7850458,0.8827057,1.7253242,-0.69900703,1.8273687,0.99377507,1.9524338,-0.74856496,2.1102967,0.9183621,1.9796157,-0.65263736,2.1366231,0.85304695,1.8986056,-0.6306289,2.0250382,0.33966136,1.9413643,-0.33800516,1.9533423,0.2940975,3.4785383,-0.31881368,3.5288372,0.25995234,4.951855,-0.3939986,4.9734697,0.234082,5.201603,-0.45041078,5.214058,0.28869227,5.354754,-0.20688535,5.369874,regarde_voisin_droite
0.4205227,-0.63216984,0.39217463,-0.7657841,0.39395732,-0.7673314,0.39492923,-0.7687715,0.34648645,-0.76865876,0.3152964,-0.77191514,0.27970916,-0.7746385,0.27077013,-0.72481674,0.1054947,-0.72752243,0.38140297,-0.4775629,0.30976573,-0.46139833,0.49795052,0.045224562,-0.49795052,-0.045224562,0.69720256,0.8582037,-0.751309,0.7848146,0.88401586,1.7271936,-0.67019147,1.8237501,0.9944749,1.9714327,-0.7038977,2.1118522,0.91810507,1.996577,-0.6026798,2.135422,0.8529906,1.9077246,-0.588249,2.021818,0.33999604,1.9395119,-0.3372185,1.9512771,0.2991587,3.4753778,-0.3168921,3.525232,0.27390766,4.9446898,-0.36857378,4.96569,0.25559643,5.1927524,-0.41958082,5.204158,0.29042462,5.3480344,-0.19450092,5.3610277,regarde_voisin_droite
0.4207913,-0.63443476,0.39098078,-0.76761246,0.3926781,-0.76908565,0.39347646,-0.7703625,0.34680775,-0.77020997,0.31686905,-0.7733524,0.2823992,-0.7758229,0.2674836,-0.72549784,0.11051559,-0.72844434,0.3808687,-0.47997275,0.3150301,-0.46590877,0.49798647,0.044827193,-0.49798647,-0.044827193,0.69625515,0.86733264,-0.7509649,0.78236514,0.8804052,1.847926,-0.679906,1.8664167,0.9863924,2.0934007,-0.7206411,2.1439447,0.8996975,2.1278436,-0.621455,2.1715484,0.836629,2.0454786,-0.6005835,2.0682154,0.32827082,1.935301,-0.34402645,1.9451041,0.2819,3.482716,-0.32445544,3.5211694,0.24762264,4.9589396,-0.38127753,4.966012,0.22492173,5.197395,-0.42847136,5.200759,0.26434946,5.367537,-0.24045068,5.356996,regarde_voisin_droite
0.4079928,-0.62732726,0.38204625,-0.7600134,0.38597858,-0.7612471,0.38890058,-0.7623638,0.33056226,-0.7625498,0.2965365,-0.7657263,0.26112875,-0.76849574,0.26684096,-0.7205474,0.094012246,-0.7236861,0.3711275,-0.4739024,0.29030764,-0.4528178,0.49790055,0.045771573,-0.49790055,-0.045771573,0.6970881,0.866505,-0.7525181,0.772962,0.87798274,1.7135797,-0.6968396,1.7545266,0.9833835,1.9540625,-0.745992,2.012982,0.8991958,1.9620348,-0.6519733,2.0170324,0.8358387,1.881729,-0.62638855,1.9141413,0.3328776,1.9225379,-0.34066033,1.9359826,0.30031165,3.4586766,-0.32009596,3.4983323,0.2811896,4.9054914,-0.33892518,4.9073024,0.26770598,5.1359525,-0.37795994,5.1298265,0.27700168,5.3163404,-0.19213572,5.303474,regarde_voisin_droite
0.41061777,-0.62564063,0.38337874,-0.76008946,0.38667318,-0.7613104,0.3892835,-0.7623345,0.3353755,-0.76266074,0.30372155,-0.76588154,0.26891717,-0.76859766,0.26627427,-0.72040147,0.09803337,-0.72386307,0.37182614,-0.47085348,0.29752114,-0.4527179,0.49791265,0.045640014,-0.49791265,-0.045640014,0.6971033,0.8633182,-0.7588941,0.7619331,0.8808119,1.7202455,-0.6961658,1.7666788,0.98521477,1.9603552,-0.7421768,2.031755,0.908177,1.9719921,-0.6483195,2.0392876,0.8443236,1.8921459,-0.6251239,1.9349539,0.3305947,1.9133954,-0.34052694,1.9299873,0.29748136,3.448122,-0.32263365,3.489752,0.27511165,4.9002852,-0.3445728,4.9047327,0.26004934,5.127628,-0.38203636,5.127196,0.2731266,5.308384,-0.20334919,5.293617,regarde_voisin_droite
0.4120897,-0.62799793,0.3850982,-0.7617674,0.38832486,-0.7630008,0.39086184,-0.7640218,0.3361926,-0.764358,0.30447203,-0.7674796,0.26907682,-0.7701795,0.268845,-0.7216118,0.09816858,-0.725627,0.37304237,-0.47392043,0.2993917,-0.45735517,0.4977336,0.047552872,-0.4977336,-0.047552872,0.7009497,0.8637836,-0.7597257,0.76824164,0.8962862,1.732891,-0.69668156,1.7904397,1.0095977,1.9656789,-0.7374849,2.0628693,0.9282423,1.9755397,-0.6423098,2.0740397,0.8596559,1.898949,-0.62116134,1.9725863,0.32543468,1.9146281,-0.3415878,1.9303803,0.28281292,3.451146,-0.3292822,3.4925187,0.24543001,4.904533,-0.3668882,4.9091473,0.22280489,5.13244,-0.4130589,5.1322956,0.2619044,5.3117743,-0.21461305,5.2958136,regarde_voisin_droite
0.41202486,-0.6290405,0.3865058,-0.76313746,0.38993618,-0.7643478,0.39253756,-0.7653089,0.337441,-0.7659071,0.3053599,-0.7689819,0.26959422,-0.77167207,0.2702515,-0.72246665,0.09913906,-0.72691363,0.3735854,-0.4745077,0.2971422,-0.4572538,0.4977776,0.04708965,-0.4977776,-0.04708965,0.7010167,0.8621325,-0.76042295,0.77216905,0.8989154,1.7402984,-0.68939275,1.7979159,1.0122176,1.9713188,-0.72375566,2.071635,0.9312229,1.982387,-0.62967193,2.0857341,0.863022,1.9069049,-0.6129512,1.9799079,0.3254065,1.9174048,-0.3421438,1.9323825,0.28053528,3.459053,-0.33386344,3.498843,0.24417318,4.916586,-0.36925194,4.92094,0.21954149,5.14754,-0.42173997,5.145328,0.27099147,5.3219275,-0.19611098,5.307231,regarde_voisin_droite
0.42184258,-0.6305118,0.3913912,-0.7653728,0.39280576,-0.7666255,0.39375982,-0.7675782,0.3464343,-0.76814526,0.3169473,-0.77144456,0.28320825,-0.7740056,0.26991096,-0.72407764,0.10713614,-0.7281607,0.37762085,-0.47419494,0.31008196,-0.45831308,0.4978709,0.046093,-0.4978709,-0.046093,0.7033412,0.85632724,-0.76299936,0.7706662,0.88729054,1.7461572,-0.6898688,1.7904099,0.98277,1.9835229,-0.72298425,2.0666645,0.9014795,1.9972079,-0.63094336,2.0814962,0.8430822,1.9137025,-0.6145628,1.9739192,0.33166572,1.9166038,-0.33909306,1.9279209,0.29285645,3.4664466,-0.32984275,3.5046828,0.26833168,4.9308167,-0.35160455,4.932164,0.24847241,5.161405,-0.393913,5.15654,0.28274855,5.340475,-0.19286926,5.3264804,regarde_voisin_droite
0.4251047,-0.629602,0.3962041,-0.76519394,0.39716935,-0.7664581,0.39759874,-0.76741034,0.3525103,-0.7681338,0.32400355,-0.771623,0.2913865,-0.7741878,0.27087584,-0.72387373,0.11298522,-0.7280233,0.3813597,-0.4723671,0.3180604,-0.4581957,0.49782825,0.046551406,-0.49782825,-0.046551406,0.6919788,0.8619661,-0.76102686,0.77248436,0.89066935,1.779595,-0.70797735,1.8271148,0.99357533,2.0069444,-0.7472055,2.1052177,0.9140742,2.030276,-0.6516764,2.1215036,0.8509251,1.9576281,-0.6317237,2.0188046,0.32744774,1.9293828,-0.3409903,1.9396459,0.2794807,3.485407,-0.33614534,3.5261729,0.24855323,4.9617653,-0.37824667,4.975452,0.22189237,5.198979,-0.4357413,5.2085614,0.28396484,5.3545337,-0.19369908,5.35398,regarde_voisin_droite
0.43457228,-0.6325012,0.40141606,-0.7683693,0.40007994,-0.7697555,0.39861465,-0.77080894,0.36147687,-0.77106994,0.33378804,-0.7746784,0.3027983,-0.77735233,0.26933384,-0.72713226,0.11933956,-0.73129827,0.38589633,-0.47481394,0.3297064,-0.46204063,0.49790096,0.045767136,-0.49790096,-0.045767136,0.6935485,0.8524848,-0.73552567,0.78524363,0.9057495,1.636556,-0.6422335,1.8535588,1.0171881,1.8514651,-0.6768089,2.1429102,0.9560254,1.8525488,-0.5915374,2.1401558,0.8849657,1.792938,-0.5687848,2.032922,0.34259528,1.9281808,-0.32923985,1.9467837,0.32909733,3.4802127,-0.29618827,3.5332649,0.3265169,4.959698,-0.30108765,4.9781213,0.30833182,5.191085,-0.3577843,5.204007,0.37147444,5.360134,-0.08971297,5.363676,regarde_voisin_droite
0.43344754,-0.6341571,0.40222555,-0.7700799,0.4010579,-0.7710451,0.3997181,-0.77169967,0.36147085,-0.7732036,0.3336065,-0.77656037,0.30245164,-0.7787638,0.2705843,-0.72710127,0.1195563,-0.7310716,0.386162,-0.47605526,0.3285371,-0.4636608,0.49778318,0.047030862,-0.49778318,-0.047030862,0.70183605,0.85393363,-0.7455832,0.7820893,0.9038184,1.7291752,-0.7093539,1.8531479,1.0148472,1.9442436,-0.75817925,2.1401346,0.9484354,1.9807394,-0.6583319,2.1428912,0.8796298,1.9128197,-0.63360596,2.0361974,0.33782277,1.931701,-0.3326618,1.9492358,0.28599626,3.4840064,-0.32006967,3.5380864,0.2480357,4.964632,-0.39238498,4.984856,0.21831496,5.1970816,-0.44421542,5.2141747,0.2965466,5.363772,-0.21386613,5.3688254,regarde_voisin_droite
-0.014832902,-0.46036547,0.056476373,-0.61281675,0.09739648,-0.61901414,0.1325153,-0.62327313,-0.06896367,-0.61188346,-0.10943032,-0.6159509,-0.14551349,-0.61949134,0.20139596,-0.61738175,-0.18225063,-0.62372285,0.05779448,-0.33454633,-0.07622742,-0.32151964,0.4989894,0.031773806,-0.4989894,-0.031773806,0.64710385,0.92062557,-0.7284271,0.8334941,0.30424058,1.3970438,-0.4323249,1.3885422,0.23852943,1.7104603,-0.37943998,1.5709468,0.16690652,1.6036582,-0.29538184,1.468787,0.16241068,1.3789278,-0.3003171,1.3767191,0.26337457,1.80459,-0.3686783,1.8039474,0.24317946,3.2153416,-0.35036597,3.191424,0.19783764,4.4829907,-0.34308755,4.4879174,0.19942968,4.659152,-0.34347573,4.6792417,0.09109063,4.9476595,-0.2694787,4.9155645,main_sous_table
-0.009610288,-0.4603979,0.062220216,-0.61140966,0.10122655,-0.6162707,0.13605966,-0.6201308,-0.06375156,-0.610824,-0.1040957,-0.6142785,-0.14048165,-0.61692697,0.20320374,-0.6098869,-0.17687367,-0.6161275,0.06298438,-0.33306965,-0.07169484,-0.3233972,0.49889955,0.033154678,-0.49889955,-0.033154678,0.63259184,0.9213362,-0.71918327,0.835094,0.29372105,1.4214658,-0.43150628,1.4139435,0.2276395,1.7476195,-0.38494667,1.6026837,0.15360859,1.5246618,-0.2998998,1.4869893,0.1446053,1.3900392,-0.30316582,1.3851043,0.25132048,1.8200288,-0.3696844,1.8067341,0.23485266,3.220675,-0.34971303,3.2011852,0.18681902,4.4503665,-0.34926474,4.45498,0.18834649,4.612216,-0.34559938,4.6675944,0.074126266,4.9209943,-0.28728804,4.8643765,main_sous_table
-0.011222311,-0.46362862,0.06124782,-0.6145673,0.10069209,-0.61892474,0.13392852,-0.6219613,-0.064444266,-0.6143476,-0.10371903,-0.6174661,-0.14076789,-0.61935014,0.20193604,-0.6098881,-0.17581168,-0.61617225,0.06326813,-0.33468324,-0.07537021,-0.3267327,0.49854597,0.03810403,-0.49854597,-0.03810403,0.6365917,0.88344705,-0.7140398,0.8137153,0.3106455,1.4011596,-0.43673673,1.3680665,0.23383203,1.6338825,-0.38406166,1.5477473,0.174562,1.470604,-0.3102847,1.4571409,0.16572805,1.3761507,-0.31001934,1.3562957,0.2380903,1.848404,-0.38142174,1.8061587,0.21192558,3.268024,-0.37978327,3.1853988,0.15790302,4.5180435,-0.400794,4.47652,0.15860425,4.7004795,-0.39845327,4.7033534,0.035662353,4.9664044,-0.3426636,4.8714194,main_sous_table
-0.015557838,-0.4727714,0.057566363,-0.62280357,0.09937668,-0.6273829,0.13219565,-0.63064873,-0.068549715,-0.6231254,-0.107982494,-0.6271616,-0.1449609,-0.6294172,0.20143297,-0.61297566,-0.17697708,-0.62094575,0.06214188,-0.3416828,-0.0800754,-0.33869976,0.4983657,0.040393464,-0.4983657,-0.040393464,0.6442945,0.8701274,-0.7163461,0.8052158,0.31209892,1.4126447,-0.44050846,1.3957552,0.24541362,1.6875271,-0.39094302,1.570397,0.18382555,1.4708151,-0.31607017,1.4913249,0.17579582,1.381124,-0.31550175,1.3796866,0.24175437,1.8491669,-0.38215,1.809292,0.22043839,3.2969434,-0.37519932,3.2325163,0.16040823,4.5774226,-0.39636987,4.540787,0.16073795,4.7656503,-0.39487317,4.7544346,0.04742036,5.0306163,-0.3396825,4.964422,main_sous_table
-0.014028948,-0.47684523,0.058567647,-0.62790394,0.10020073,-0.6327763,0.13241886,-0.6360746,-0.06704298,-0.6264091,-0.106398255,-0.629685,-0.14401431,-0.6320725,0.20024896,-0.6168877,-0.17789459,-0.6235852,0.06299345,-0.34674504,-0.07857973,-0.34024748,0.4986576,0.036613807,-0.4986576,-0.036613807,0.6444744,0.85975105,-0.7153226,0.7976239,0.3197449,1.3817787,-0.44171283,1.3637742,0.25137582,1.6554428,-0.3947656,1.5215894,0.18847604,1.4362597,-0.31417447,1.4281329,0.18192647,1.3411008,-0.3152962,1.3359903,0.24385248,1.8516273,-0.3894239,1.8077015,0.21399768,3.3060222,-0.39573348,3.2415984,0.14861572,4.58576,-0.42831963,4.55243,0.1489108,4.77067,-0.4306152,4.7564573,0.031134581,5.039347,-0.3686441,4.983987,main_sous_table
-0.019920807,-0.47604713,0.052453265,-0.6269148,0.09542723,-0.6318599,0.12700129,-0.63523763,-0.07291421,-0.6254171,-0.11229825,-0.6287594,-0.14965801,-0.63104665,0.19603013,-0.6163667,-0.17954803,-0.62294966,0.058824204,-0.34651652,-0.08338393,-0.339614,0.498566,0.037840918,-0.498566,-0.037840918,0.6441731,0.86041313,-0.72158366,0.7963675,0.31911206,1.4437445,-0.45633736,1.3502641,0.24910074,1.6786424,-0.41603577,1.5260772,0.18340869,1.4520686,-0.3227579,1.4247651,0.17750596,1.3497733,-0.33313012,1.3354139,0.24224865,1.8491143,-0.39297387,1.805453,0.21078598,3.2975848,-0.40427083,3.2313163,0.14892589,4.573376,-0.43607384,4.5361814,0.15132548,4.7586427,-0.44078472,4.740178,0.025853619,5.0248632,-0.37499088,4.9648986,main_sous_table
-0.012293184,-0.45334464,0.060031243,-0.6106664,0.10280025,-0.61661565,0.13428557,-0.62089235,-0.06614199,-0.6061561,-0.10699677,-0.6098642,-0.14413889,-0.6133465,0.20290032,-0.6042173,-0.17616367,-0.61150545,0.06605525,-0.32668447,-0.07595495,-0.31460017,0.4987195,0.035760995,-0.4987195,-0.035760995,0.6499849,0.8190369,-0.710547,0.7917778,0.3391752,1.4124385,-0.44224507,1.3604591,0.3035419,1.6461145,-0.40502155,1.5522563,0.20224862,1.4595476,-0.31234977,1.4584253,0.19485484,1.3640379,-0.3201135,1.352055,0.24946319,1.8369668,-0.3827195,1.7969227,0.21848968,3.27197,-0.3812843,3.2151568,0.15869233,4.5457563,-0.40209156,4.511189,0.16164279,4.729563,-0.4082054,4.71369,0.035615478,4.994656,-0.34007633,4.9372573,main_sous_table
-0.006087564,-0.4243377,0.065669924,-0.58634686,0.10692231,-0.5903032,0.13891174,-0.5955935,-0.059890337,-0.58746535,-0.10066032,-0.5932183,-0.13769849,-0.5996944,0.2072563,-0.5881817,-0.1724334,-0.60459584,0.071168244,-0.3059298,-0.06975834,-0.29164115,0.49901223,0.03141303,-0.49901223,-0.03141303,0.6546642,0.81414485,-0.70187724,0.7853765,0.34767765,1.3950311,-0.4332406,1.3562143,0.3033082,1.6598231,-0.37039453,1.5752019,0.21165994,1.487922,-0.3047815,1.4628145,0.20683527,1.3749837,-0.31257716,1.3492515,0.25683782,1.8247596,-0.36476073,1.7945316,0.23884141,3.2507825,-0.34730625,3.1967638,0.18665172,4.516964,-0.35008255,4.4863057,0.18923461,4.6996045,-0.3523903,4.687183,0.06887692,4.963698,-0.28512663,4.9085217,main_sous_table
-0.0024230403,-0.41994873,0.06909403,-0.5827103,0.11001653,-0.586708,0.14220084,-0.5913324,-0.055782348,-0.58417743,-0.09666281,-0.59015346,-0.13364923,-0.5962448,0.21041587,-0.58376586,-0.17189966,-0.601125,0.074058086,-0.3017255,-0.066249326,-0.28843713,0.49900833,0.031475246,-0.49900833,-0.031475246,0.6590594,0.8046965,-0.6976504,0.7841355,0.35150808,1.3872689,-0.4269867,1.3644954,0.316548,1.652229,-0.35827166,1.5948395,0.21555074,1.476411,-0.29821444,1.4686066,0.21034849,1.3726012,-0.30591905,1.3538027,0.25038257,1.827569,-0.36447072,1.7964752,0.23096833,3.2478044,-0.35378888,3.1920002,0.17756464,4.5112653,-0.35690627,4.480219,0.17790665,4.693858,-0.3572554,4.680702,0.06200462,4.956708,-0.29363024,4.901375,main_sous_table
-0.0047437223,-0.40881348,0.06753953,-0.572217,0.10789116,-0.5761762,0.14079101,-0.5810466,-0.057915945,-0.574459,-0.09864017,-0.58128923,-0.13603157,-0.588293,0.21038345,-0.5760758,-0.17298453,-0.59576654,0.071159095,-0.29200166,-0.069056176,-0.2789027,0.49899063,0.03175478,-0.49899063,-0.03175478,0.6597016,0.80324537,-0.700442,0.7638931,0.3595756,1.3826292,-0.44915816,1.3589033,0.30443028,1.6440604,-0.4088048,1.5767047,0.21798684,1.4747107,-0.31914368,1.4616743,0.21388458,1.363978,-0.32174343,1.3501201,0.24767879,1.8272641,-0.36490777,1.7958156,0.2302647,3.2461991,-0.3537546,3.1809616,0.17607337,4.5095305,-0.36603615,4.4778557,0.17640385,4.6920404,-0.3685307,4.679134,0.056341197,4.954521,-0.30814508,4.895966,main_sous_table
-0.006989663,-0.396014,0.06453654,-0.56829077,0.10554763,-0.5738589,0.13886657,-0.5795805,-0.06015141,-0.5680342,-0.10074113,-0.5753215,-0.13807821,-0.58321124,0.20398852,-0.5787354,-0.1734427,-0.5988137,0.06811176,-0.2878101,-0.07016961,-0.27733812,0.49907824,0.030346503,-0.49907824,-0.030346503,0.659973,0.7988616,-0.698101,0.7852047,0.36000636,1.3748112,-0.44604334,1.3499409,0.3028825,1.6366917,-0.38658443,1.5649344,0.21776417,1.5133128,-0.31322184,1.451761,0.21654825,1.4120471,-0.3173969,1.3411355,0.249009,1.8291972,-0.36465982,1.7983879,0.22979988,3.2404437,-0.35421658,3.1810205,0.17662747,4.5033607,-0.36654314,4.4748845,0.17786637,4.6845937,-0.36933622,4.6743217,0.056238055,4.9485598,-0.3083007,4.8918686,main_sous_table
-0.006248947,-0.3844642,0.06594663,-0.55525666,0.106151015,-0.5614016,0.13965626,-0.5674124,-0.05927523,-0.55604297,-0.10017344,-0.56481904,-0.13783944,-0.5735651,0.20463698,-0.5704778,-0.17362146,-0.5931996,0.068070285,-0.27693802,-0.06981111,-0.26744932,0.49908453,0.030242749,-0.49908453,-0.030242749,0.66625535,0.7999372,-0.6984063,0.78662324,0.36108488,1.374337,-0.44010994,1.3566288,0.30351064,1.6339238,-0.38656256,1.5678134,0.21917602,1.4747046,-0.30383536,1.4542154,0.2172517,1.3698763,-0.30760667,1.3446672,0.25010774,1.8295581,-0.36342716,1.7996116,0.23452462,3.2370918,-0.353013,3.181145,0.18868,4.490804,-0.35399812,4.4658027,0.19111678,4.672388,-0.35471004,4.660927,0.07028132,4.936086,-0.28889376,4.8860426,main_sous_table
-0.01809568,-0.35330674,0.056135852,-0.53422105,0.09852821,-0.54245675,0.13454096,-0.55046225,-0.07309362,-0.53277415,-0.11541094,-0.5427846,-0.15110469,-0.5528909,0.2012039,-0.56725043,-0.18055892,-0.5888937,0.061793532,-0.25334498,-0.078580074,-0.25084403,0.4991244,0.029577315,-0.4991244,-0.029577315,0.6557983,0.7911712,-0.6897027,0.7876793,0.34904617,1.364442,-0.44232157,1.3431957,0.29981485,1.6429516,-0.38626286,1.5700891,0.21555118,1.5468042,-0.3164951,1.4414237,0.21133271,1.3571398,-0.31712356,1.3307816,0.24927315,1.8222878,-0.36058626,1.7917712,0.2337205,3.2186654,-0.35082883,3.1607642,0.18954284,4.4641814,-0.34893188,4.4385552,0.1921324,4.6453733,-0.34772065,4.632914,0.07255344,4.9047074,-0.28306612,4.8565464,main_sous_table
-0.018287048,-0.34637767,0.05525379,-0.5250533,0.09761849,-0.53363866,0.133555,-0.5421121,-0.074057266,-0.52371186,-0.116427414,-0.5326318,-0.1530922,-0.5420975,0.19962145,-0.561935,-0.18384886,-0.577849,0.06107789,-0.24623746,-0.07916529,-0.24442495,0.49920455,0.028192557,-0.49920455,-0.028192557,0.65579283,0.78440446,-0.68766737,0.78584146,0.35846633,1.3462394,-0.44138423,1.3345618,0.29740843,1.6282284,-0.3931359,1.5622265,0.21503286,1.5258284,-0.31554756,1.4347585,0.21304886,1.3318412,-0.31624943,1.3231732,0.24743798,1.8159055,-0.35975423,1.7845508,0.22572811,3.2072833,-0.36599034,3.1495209,0.18128274,4.4501076,-0.36456886,4.4240136,0.18365556,4.6308675,-0.36192963,4.617635,0.06552309,4.888872,-0.30017823,4.8409224,main_sous_table
-0.019180855,-0.34669495,0.05382457,-0.5249423,0.096196815,-0.53362894,0.13211223,-0.5420913,-0.07580117,-0.5228119,-0.11855079,-0.5310762,-0.15570752,-0.5399044,0.19831505,-0.56183666,-0.18668355,-0.5750063,0.060189422,-0.24714428,-0.080056444,-0.2444121,0.49920052,0.028263664,-0.49920052,-0.028263664,0.6537902,0.7828362,-0.6874167,0.78192466,0.35852164,1.3382875,-0.44171163,1.3264498,0.294731,1.6202688,-0.39587188,1.5552106,0.2136731,1.5187979,-0.3150553,1.428888,0.21231978,1.3883835,-0.31600335,1.316882,0.24627768,1.8172278,-0.36086327,1.7854797,0.22455196,3.2064807,-0.36966082,3.1491928,0.17977236,4.44784,-0.37132955,4.420429,0.18222177,4.62843,-0.36941367,4.613211,0.06351133,4.8856263,-0.3062351,4.838071,main_sous_table
-0.017425284,-0.32606724,0.05488267,-0.50328547,0.09737492,-0.5144259,0.13330951,-0.52453005,-0.075070545,-0.5011927,-0.11780685,-0.51209337,-0.15503854,-0.52364266,0.19859935,-0.5584367,-0.18858488,-0.57126206,0.061726704,-0.2323813,-0.0789502,-0.23088688,0.49932033,0.026061796,-0.49932033,-0.026061796,0.65342236,0.7847304,-0.68269914,0.7831979,0.3576383,1.339516,-0.43859848,1.3319372,0.28270188,1.623896,-0.39229646,1.5701749,0.20178112,1.5345894,-0.31593448,1.4354765,0.20543417,1.4311268,-0.31517765,1.3296318,0.24734625,1.8140093,-0.3567063,1.7882724,0.22572201,3.19974,-0.36692762,3.153886,0.18159054,4.4428244,-0.3680689,4.4256396,0.18423647,4.6234975,-0.3660266,4.6176257,0.06631707,4.8813896,-0.30328262,4.842445,main_sous_table
-0.017970748,-0.31087884,0.054486755,-0.48328656,0.0966875,-0.4934419,0.13327031,-0.5036096,-0.07529315,-0.4853421,-0.11777855,-0.49754265,-0.15539664,-0.5108232,0.19915122,-0.5498495,-0.18988772,-0.5648847,0.060404588,-0.21929494,-0.08076426,-0.2210939,0.49932805,0.025913114,-0.49932805,-0.025913114,0.65435964,0.79384476,-0.6798807,0.7893367,0.3550337,1.3496447,-0.4382624,1.3338757,0.27665436,1.6502881,-0.4061747,1.5692707,0.19373989,1.5629932,-0.3189925,1.4439536,0.19979534,1.4653811,-0.3160658,1.3312997,0.25138286,1.8151296,-0.3527162,1.7895474,0.23037164,3.2013354,-0.35887215,3.15592,0.1845778,4.4454436,-0.36270836,4.427565,0.18788445,4.625667,-0.36175984,4.6195383,0.067115985,4.887323,-0.2993941,4.8449054,main_sous_table
-0.018340992,-0.3002737,0.05425973,-0.46716022,0.09670166,-0.47733283,0.13368385,-0.48791465,-0.07756503,-0.46820214,-0.12096585,-0.48083323,-0.15818214,-0.49480623,0.20047797,-0.5408596,-0.19294156,-0.55534226,0.060599137,-0.20847693,-0.08207236,-0.210252,0.49933338,0.025810124,-0.49933338,-0.025810124,0.6477453,0.7891446,-0.672398,0.78425807,0.34612712,1.3410612,-0.43304825,1.3251226,0.27799803,1.638265,-0.4004894,1.5556296,0.19599256,1.5496548,-0.31607157,1.4325658,0.199089,1.3956444,-0.3135817,1.321281,0.25170732,1.8037682,-0.34872323,1.7771842,0.2264348,3.1817398,-0.3662367,3.1359296,0.17855206,4.417363,-0.36768833,4.3986244,0.1815642,4.596418,-0.36657438,4.5859313,0.06284284,4.856344,-0.30145472,4.8149877,main_sous_table
-0.021189598,-0.29508796,0.05108236,-0.4599116,0.093309686,-0.4698731,0.13072895,-0.48028713,-0.08027234,-0.46070194,-0.12315186,-0.4733706,-0.16070189,-0.48734158,0.2000615,-0.5354119,-0.19369648,-0.54986787,0.057724625,-0.20334952,-0.084049284,-0.20430137,0.49927774,0.026865019,-0.49927774,-0.026865019,0.643741,0.79177827,-0.67226,0.7797095,0.34116888,1.3527545,-0.43277806,1.3191876,0.27812663,1.6387882,-0.38861805,1.5543829,0.19647159,1.5510249,-0.31536087,1.4221085,0.19875014,1.3779584,-0.31297606,1.3107622,0.24817462,1.8042367,-0.3526466,1.7753687,0.21427,3.1830282,-0.3778284,3.1343868,0.15880096,4.4182043,-0.3825745,4.3953943,0.16183339,4.596164,-0.38199848,4.581925,0.03996625,4.8564777,-0.31628084,4.8158517,main_sous_table
-0.019741531,-0.2971103,0.053014863,-0.46143404,0.09513472,-0.47119525,0.1326076,-0.48135236,-0.07820826,-0.46219277,-0.12157349,-0.47468626,-0.15934876,-0.48838323,0.2032165,-0.53571784,-0.19515531,-0.5501167,0.059297014,-0.20388417,-0.08389446,-0.2052376,0.49939778,0.024532564,-0.49939778,-0.024532564,0.63984454,0.80814636,-0.6646066,0.79317105,0.34213084,1.3570944,-0.42538512,1.3177499,0.2790863,1.6362227,-0.37054667,1.5756878,0.19803259,1.5485282,-0.30921912,1.4212704,0.20127635,1.4272155,-0.30723345,1.3174157,0.25236914,1.8093396,-0.34947604,1.7873898,0.23260854,3.1837091,-0.36506942,3.1451595,0.1860822,4.4077296,-0.3638903,4.3889174,0.18919797,4.586461,-0.36381966,4.574319,0.07068291,4.8499126,-0.29129532,4.8133464,main_sous_table
-0.021164244,-0.29497188,0.052114613,-0.46001536,0.09425287,-0.46952835,0.13221903,-0.47914174,-0.079303056,-0.46159026,-0.12238788,-0.47367164,-0.16042739,-0.4870246,0.20398918,-0.5321563,-0.19594394,-0.54821295,0.058412027,-0.20210111,-0.08545218,-0.20426618,0.4993309,0.025858432,-0.4993309,-0.025858432,0.64200336,0.810302,-0.6630044,0.7997715,0.3447146,1.3600308,-0.42135754,1.3307121,0.2799519,1.642776,-0.37821567,1.5793467,0.19907127,1.5545013,-0.30850285,1.4428097,0.20261107,1.4467379,-0.30408368,1.3394845,0.25359523,1.8159513,-0.346245,1.7921846,0.2368311,3.1909308,-0.35917974,3.1474206,0.19891185,4.418644,-0.35333762,4.3982077,0.20156631,4.59934,-0.35039473,4.587278,0.085819215,4.8597517,-0.28278735,4.8217826,main_sous_table
-0.018500011,-0.295407,0.05366876,-0.4585324,0.09548827,-0.46737266,0.13306671,-0.4763582,-0.07755712,-0.461597,-0.12079706,-0.47386518,-0.15909176,-0.48737332,0.20388284,-0.5283422,-0.19598515,-0.54627883,0.05920659,-0.20137508,-0.0843589,-0.20414083,0.49941015,0.024279684,-0.49941015,-0.024279684,0.6425326,0.80325603,-0.662519,0.7865728,0.34620994,1.3538105,-0.43575394,1.3226094,0.28214458,1.6383684,-0.40966132,1.5562785,0.20022088,1.5544975,-0.3268652,1.4347763,0.20311643,1.3915539,-0.3215535,1.3244886,0.25230625,1.8087676,-0.34689566,1.7848995,0.23477256,3.1842465,-0.3593761,3.141416,0.19624162,4.4181,-0.3514046,4.3943424,0.19834204,4.601099,-0.34832633,4.5804286,0.085806884,4.8529997,-0.28090966,4.8175416,main_sous_table
-0.01992606,-0.28954688,0.05319001,-0.45483452,0.0951985,-0.46442258,0.1331916,-0.47409326,-0.078174576,-0.4566026,-0.12106225,-0.46944097,-0.15930685,-0.48414183,0.20438923,-0.5281085,-0.19545214,-0.5457397,0.058300517,-0.19652803,-0.08497986,-0.19936094,0.4993946,0.024597565,-0.4993946,-0.024597565,0.6398773,0.82339674,-0.6617191,0.7969714,0.34969205,1.3792065,-0.43374312,1.331882,0.2881655,1.6488258,-0.38623643,1.5625005,0.21324886,1.5642926,-0.32533994,1.4380927,0.21582858,1.4538361,-0.3205468,1.323257,0.25316298,1.8089509,-0.34443238,1.7852184,0.23591758,3.1842597,-0.3510436,3.1446342,0.19839399,4.4205613,-0.3361197,4.399299,0.20219621,4.601526,-0.33266953,4.582758,0.086341634,4.856957,-0.2716512,4.8269753,main_sous_table
-0.02013492,-0.28393334,0.053010806,-0.45045868,0.09501351,-0.46047488,0.13314241,-0.47091717,-0.07824447,-0.4520053,-0.12106255,-0.46562716,-0.15930177,-0.48086184,0.20494416,-0.52808774,-0.19542539,-0.5454881,0.058037613,-0.19181381,-0.08508874,-0.19528568,0.4993658,0.025175082,-0.4993658,-0.025175082,0.6374929,0.8322234,-0.6617468,0.79438305,0.34935808,1.3775866,-0.4332986,1.3335459,0.2861684,1.6478648,-0.36975107,1.5632416,0.21278518,1.5628573,-0.32352388,1.440031,0.21557902,1.4601568,-0.31977436,1.3224074,0.25572476,1.8071231,-0.34225476,1.7836965,0.24046624,3.1835074,-0.34795216,3.1454616,0.20385548,4.4223638,-0.3291444,4.403124,0.20885774,4.6029563,-0.32471585,4.586095,0.09076784,4.86169,-0.2632525,4.8337517,main_sous_table
-0.024232198,-0.28473374,0.04854951,-0.4511772,0.09079567,-0.46221521,0.12918335,-0.47332156,-0.082146585,-0.45316043,-0.124590956,-0.46646202,-0.16205469,-0.48116493,0.20182064,-0.5287714,-0.19680366,-0.544406,0.054961804,-0.19302742,-0.08801234,-0.19641463,0.49930045,0.02643954,-0.49930045,-0.02643954,0.6304944,0.84470415,-0.6613466,0.7866341,0.34358644,1.3793652,-0.43681458,1.3202167,0.27469376,1.6551542,-0.39475635,1.5418364,0.20146856,1.5730901,-0.3321097,1.4244708,0.20607239,1.4741547,-0.32635388,1.3066064,0.2485341,1.8016098,-0.34599525,1.7744175,0.22406863,3.1737304,-0.36524642,3.130595,0.18339765,4.4073496,-0.34990102,4.3849792,0.18838312,4.589255,-0.34389418,4.5696225,0.06664288,4.8423514,-0.2863579,4.8119855,main_sous_table
-0.023689546,-0.2867761,0.049740292,-0.45295715,0.091835655,-0.46398243,0.13003819,-0.4750237,-0.081660256,-0.4549511,-0.12433656,-0.4682284,-0.16200113,-0.48291326,0.20181993,-0.5287449,-0.19946724,-0.54563034,0.055419244,-0.1946329,-0.088022776,-0.1979299,0.4993542,0.025403848,-0.4993542,-0.025403848,0.637513,0.8433618,-0.656717,0.8008806,0.34897515,1.3993564,-0.43588635,1.3726712,0.29410172,1.6548833,-0.39450276,1.6190469,0.21390378,1.572512,-0.33165509,1.5520053,0.2181306,1.4711797,-0.32583842,1.4524168,0.2640366,1.8023506,-0.33641937,1.7837292,0.2690166,3.176181,-0.32575008,3.1429904,0.2429537,4.4138417,-0.3088256,4.402132,0.24898203,4.596933,-0.30652618,4.591656,0.13369481,4.8530426,-0.2373139,4.8233857,main_sous_table
-0.022946907,-0.28641015,0.050724026,-0.45187426,0.09276795,-0.462331,0.1310103,-0.47291377,-0.0807361,-0.4543851,-0.12344964,-0.46781653,-0.1612182,-0.48261717,0.2032353,-0.5271461,-0.19866836,-0.5452529,0.056208964,-0.19416581,-0.08764281,-0.19758934,0.49932432,0.025984991,-0.49932432,-0.025984991,0.6412138,0.83786935,-0.6580245,0.7857242,0.349995,1.4042642,-0.44165838,1.3603922,0.2971926,1.6553583,-0.40060169,1.6131294,0.21585995,1.5728817,-0.33349946,1.5417205,0.21974948,1.4700646,-0.32806125,1.4391917,0.25297683,1.8104217,-0.3462104,1.7846009,0.24394491,3.1860843,-0.36020327,3.1440847,0.20511055,4.419968,-0.360449,4.4032583,0.20858121,4.6037817,-0.35915512,4.5926776,0.08866839,4.8577204,-0.29138374,4.8248267,main_sous_table
-0.024582744,-0.2876653,0.049766798,-0.45332205,0.09200462,-0.46373683,0.13068213,-0.4743363,-0.08238541,-0.4558603,-0.12532942,-0.4692981,-0.16344962,-0.48407054,0.20480278,-0.528658,-0.20091099,-0.5467503,0.055249337,-0.19532298,-0.08864132,-0.19844052,0.49936515,0.025188,-0.49936515,-0.025188,0.6415758,0.8285417,-0.65937066,0.7848447,0.34376112,1.4075035,-0.44452938,1.3583188,0.28963754,1.653846,-0.41415343,1.6104009,0.21000613,1.5710617,-0.3390164,1.5247788,0.21563625,1.4684064,-0.33155474,1.4260741,0.2609415,1.8060734,-0.33629695,1.7802452,0.24692321,3.1858606,-0.35746568,3.140153,0.20738976,4.4223437,-0.35417706,4.403499,0.21095975,4.606254,-0.3510749,4.592891,0.09251546,4.8596044,-0.2844641,4.825104,main_sous_table
-0.023007656,-0.28981045,0.051178366,-0.45428467,0.09342346,-0.4645857,0.13183391,-0.47497526,-0.081172355,-0.45591712,-0.12421331,-0.46930987,-0.16216946,-0.4841379,0.2045148,-0.52847844,-0.19990702,-0.5478991,0.055988897,-0.19791597,-0.087493725,-0.20091915,0.49919087,0.028433863,-0.49919087,-0.028433863,0.64020115,0.8348707,-0.6575386,0.7854025,0.34244752,1.3876246,-0.44233692,1.3422632,0.28850564,1.645426,-0.40483385,1.5943596,0.20845117,1.5623536,-0.33126062,1.5129786,0.21477371,1.4598813,-0.32876053,1.3791105,0.25579682,1.8081274,-0.34664506,1.779176,0.23978178,3.1832695,-0.36190793,3.132557,0.19833037,4.4174685,-0.3670837,4.400737,0.2018146,4.601391,-0.3660259,4.5962863,0.08032545,4.855516,-0.30035332,4.814731,main_sous_table
-0.02275501,-0.28563693,0.051553003,-0.45094985,0.09359754,-0.4618102,0.13189687,-0.47238976,-0.080184035,-0.45313326,-0.12323536,-0.46634704,-0.16164017,-0.48111197,0.2045451,-0.52367854,-0.1985544,-0.5436505,0.056027055,-0.19405688,-0.08722077,-0.19738905,0.49928638,0.026704218,-0.49928638,-0.026704218,0.64956534,0.8344215,-0.6600845,0.78229487,0.3424076,1.3892903,-0.45173985,1.3429315,0.28767034,1.6271415,-0.4278056,1.5926579,0.20769563,1.5339139,-0.3428169,1.4919746,0.21468447,1.4380187,-0.33698717,1.3584951,0.2595895,1.7919217,-0.3436153,1.7691265,0.25429666,3.1639416,-0.3422995,3.1195207,0.22289781,4.3910594,-0.33102235,4.3699822,0.22764952,4.5694995,-0.32822973,4.555342,0.10927571,4.8298426,-0.25977722,4.785899,main_sous_table
-0.030556994,-0.29078287,0.044516057,-0.45627242,0.08785401,-0.46703914,0.12609752,-0.47760755,-0.09049607,-0.45728958,-0.13389155,-0.4702899,-0.16897342,-0.48497468,0.19891733,-0.5266196,-0.20172831,-0.546839,0.049450118,-0.19838484,-0.09420142,-0.20109649,0.4989977,0.031643312,-0.4989977,-0.031643312,0.6492628,0.8329181,-0.66152203,0.76945597,0.35183123,1.3686213,-0.45118448,1.3163449,0.2900202,1.622424,-0.431307,1.5446616,0.21348196,1.5339984,-0.34271866,1.4374673,0.22149126,1.436638,-0.33689457,1.313107,0.26004753,1.7833216,-0.34267724,1.7591076,0.25280172,3.1482737,-0.34110397,3.1057878,0.22097473,4.36862,-0.3295448,4.3532667,0.22590172,4.548531,-0.32626706,4.54002,0.10746226,4.8075747,-0.25898805,4.7677855,main_sous_table
-0.029000496,-0.29078785,0.046133533,-0.4560798,0.089303255,-0.46673274,0.12724042,-0.47704026,-0.08972169,-0.4572935,-0.1335534,-0.47032496,-0.16878715,-0.48500618,0.19891788,-0.5256645,-0.2018622,-0.5466713,0.04999971,-0.19740042,-0.09372044,-0.20020992,0.49900475,0.03153184,-0.49900475,-0.03153184,0.65087944,0.8323248,-0.66201407,0.7689377,0.38098675,1.3667573,-0.45090598,1.3148956,0.31129763,1.6286559,-0.43064648,1.5381935,0.2366368,1.5421187,-0.34251624,1.4312127,0.24160185,1.4445236,-0.33683032,1.3085116,0.2668626,1.7815763,-0.33878353,1.7577461,0.2583727,3.1468997,-0.33500978,3.105768,0.22704367,4.3672333,-0.32219806,4.3517575,0.2318953,4.5467587,-0.31969562,4.538145,0.11565838,4.806188,-0.2505008,4.7683706,main_sous_table
-0.027295684,-0.28584534,0.047780093,-0.45114827,0.09059749,-0.46177876,0.12865262,-0.47249687,-0.08825082,-0.45216584,-0.13239415,-0.46576092,-0.16839015,-0.48081842,0.19980733,-0.5256715,-0.20181617,-0.54445565,0.051326603,-0.19396994,-0.09249654,-0.1957918,0.49908578,0.03022214,-0.49908578,-0.03022214,0.6480752,0.83292925,-0.6595325,0.78250086,0.3814177,1.3669144,-0.44761562,1.3210099,0.31150427,1.6290927,-0.41206947,1.5674682,0.23767096,1.5421313,-0.34238663,1.4569228,0.24183516,1.4443947,-0.33549592,1.3227881,0.2668391,1.7821152,-0.3368747,1.7584609,0.25711265,3.1466455,-0.33522508,3.0994196,0.22725631,4.367134,-0.32222453,4.35419,0.23209164,4.547506,-0.31972075,4.541741,0.117743805,4.8020363,-0.24974465,4.767548,main_sous_table
-0.029413382,-0.28673196,0.04701603,-0.45166215,0.08989544,-0.46225685,0.12807798,-0.47292057,-0.09069966,-0.45268586,-0.13551533,-0.46625763,-0.17106965,-0.48127723,0.19952485,-0.5259674,-0.203842,-0.54478246,0.050476223,-0.19487882,-0.09612093,-0.19669175,0.4990278,0.031165292,-0.4990278,-0.031165292,0.64447737,0.82983804,-0.6571066,0.7870086,0.37957543,1.3490882,-0.44649377,1.3178424,0.30160052,1.6235015,-0.41031444,1.5744438,0.2276217,1.5374078,-0.342113,1.4961137,0.23217131,1.4387337,-0.33573887,1.3197031,0.26339445,1.7785568,-0.3365528,1.7544584,0.25214073,3.1393328,-0.33502945,3.0876653,0.22266485,4.3582954,-0.32251886,4.345359,0.2272825,4.5387287,-0.320091,4.5340996,0.113193475,4.791533,-0.25253025,4.75521,main_sous_table
-0.029083978,-0.29083195,0.04745524,-0.45630434,0.090314135,-0.46595693,0.1285006,-0.47551194,-0.089907415,-0.45745525,-0.134621,-0.46993774,-0.17011906,-0.4844686,0.19936022,-0.5259164,-0.20314558,-0.5449952,0.05072271,-0.19668457,-0.095664375,-0.1982474,0.49911278,0.02977275,-0.49911278,-0.02977275,0.6459152,0.81587213,-0.6554619,0.79029953,0.3759205,1.3579638,-0.4402733,1.3161538,0.30253497,1.6155571,-0.3943055,1.5716736,0.22862431,1.5263959,-0.33442125,1.4611753,0.23327225,1.427564,-0.328986,1.3184521,0.2630691,1.7798592,-0.3363279,1.7547747,0.25050554,3.1379986,-0.34060118,3.0847788,0.22245838,4.354886,-0.32606307,4.339611,0.22679314,4.5348716,-0.32372674,4.5277357,0.11375741,4.788185,-0.25391412,4.7494836,main_sous_table
-0.03081463,-0.2915311,0.04607451,-0.45787385,0.08871302,-0.46754295,0.12757757,-0.47705817,-0.08904704,-0.45876813,-0.13328394,-0.47122917,-0.16907337,-0.48582944,0.20069611,-0.5273684,-0.20175187,-0.5465533,0.05085269,-0.19724673,-0.094664596,-0.19910292,0.49909386,0.030088363,-0.49909386,-0.030088363,0.65091896,0.8178344,-0.65612364,0.7920301,0.3970401,1.3650596,-0.4435456,1.3197143,0.32644403,1.6329641,-0.41314182,1.5616727,0.25140047,1.5459057,-0.33880848,1.4387388,0.25364536,1.4423218,-0.33297572,1.3076168,0.2574988,1.7898927,-0.34310758,1.7623421,0.23972905,3.1531973,-0.35722435,3.097817,0.20969065,4.378755,-0.34744266,4.35962,0.21268108,4.560706,-0.3442853,4.5495005,0.0976275,4.8140554,-0.27761346,4.771385,main_sous_table
-0.030484844,-0.29091033,0.04649521,-0.45732325,0.08910471,-0.4670018,0.1277252,-0.47649407,-0.08884892,-0.45810148,-0.13315812,-0.4705681,-0.16908067,-0.48511553,0.2002955,-0.5262609,-0.20159003,-0.5454436,0.05127486,-0.1965096,-0.09438964,-0.19813225,0.499127,0.029533457,-0.499127,-0.029533457,0.6523879,0.81314915,-0.6590998,0.785133,0.37764484,1.3690485,-0.44636118,1.3176429,0.31895116,1.6188976,-0.418965,1.5451096,0.24383949,1.5336277,-0.3444485,1.4269115,0.24882586,1.4333718,-0.33708027,1.3036094,0.25929677,1.7863816,-0.34314254,1.7606655,0.24580444,3.1595986,-0.35210225,3.1052556,0.21281315,4.38917,-0.34512976,4.3702583,0.21627128,4.5706334,-0.34272033,4.5592437,0.100062,4.8278804,-0.27563006,4.7872667,main_sous_table
-0.030452184,-0.28694835,0.04583629,-0.45303112,0.0886603,-0.46309838,0.12765956,-0.47275823,-0.0894202,-0.453005,-0.1335828,-0.46567613,-0.16875584,-0.4802228,0.20040825,-0.52356535,-0.2008375,-0.5439375,0.051056433,-0.19437172,-0.09396496,-0.19587323,0.499139,0.029329777,-0.499139,-0.029329777,0.6531656,0.8180996,-0.6587169,0.7855184,0.35386333,1.3703471,-0.43884805,1.3148884,0.28949544,1.6095763,-0.38294262,1.5463674,0.21649635,1.5205487,-0.32207942,1.4228863,0.22645336,1.4237851,-0.3185136,1.3064228,0.2606719,1.7835743,-0.34085718,1.7590021,0.24652834,3.1550834,-0.34977463,3.1075037,0.21267258,4.3807364,-0.34081444,4.3614416,0.21640024,4.560672,-0.33718976,4.547242,0.100432105,4.819137,-0.2700862,4.7849164,main_sous_table
-0.028728738,-0.27826867,0.047017213,-0.44234055,0.08968562,-0.4515186,0.12872031,-0.46070355,-0.08750775,-0.44432008,-0.13012348,-0.45769888,-0.16624802,-0.47252193,0.20249991,-0.5153936,-0.19795913,-0.5376915,0.05193958,-0.18744087,-0.09186409,-0.18941195,0.49901924,0.031301938,-0.49901924,-0.031301938,0.6560722,0.8210341,-0.6666639,0.7692602,0.3564919,1.382494,-0.44599402,1.3144332,0.29338205,1.617003,-0.40975288,1.5064006,0.22213641,1.5265474,-0.32877514,1.4178551,0.23164357,1.4304386,-0.32698733,1.3014297,0.2616097,1.8014671,-0.33549377,1.7718371,0.24503696,3.1718836,-0.3501458,3.121501,0.20889567,4.4053216,-0.3408904,4.387195,0.21088998,4.5855618,-0.33711922,4.575018,0.09896,4.8416643,-0.27376938,4.805854,main_sous_table
-0.031141607,-0.27922985,0.044333816,-0.44446924,0.08728798,-0.45400676,0.1263396,-0.46356237,-0.09033079,-0.4454109,-0.13302049,-0.4581784,-0.1686613,-0.47279608,0.20018837,-0.51682246,-0.19991869,-0.5360306,0.04992661,-0.18807729,-0.09399684,-0.18981698,0.49906912,0.03049599,-0.49906912,-0.03049599,0.653015,0.8192737,-0.66575414,0.770196,0.35709766,1.3365438,-0.44284612,1.3160454,0.29531178,1.5859365,-0.40993518,1.5139917,0.22571078,1.491111,-0.32743815,1.4168767,0.23487149,1.3992507,-0.32299066,1.2996757,0.26351455,1.7983272,-0.33503804,1.7705623,0.2555997,3.1669533,-0.33845258,3.1178668,0.2277861,4.394571,-0.3202492,4.3764615,0.23289312,4.574394,-0.31678474,4.56314,0.11603799,4.8311706,-0.24542765,4.797596,main_sous_table
-0.02910923,-0.28337532,0.046026748,-0.4489595,0.088863775,-0.45809758,0.12760197,-0.4670231,-0.08869309,-0.45096537,-0.13164884,-0.46353307,-0.16777399,-0.47791314,0.19966695,-0.5185371,-0.20022607,-0.53835917,0.05085657,-0.19138241,-0.09296026,-0.19478203,0.49899262,0.031723164,-0.49899262,-0.031723164,0.6490307,0.8223476,-0.6641415,0.7848147,0.34651497,1.3749448,-0.4427226,1.315605,0.28714535,1.6072387,-0.40557227,1.5531656,0.21602212,1.514121,-0.3279503,1.4185799,0.22368194,1.4197643,-0.32312742,1.3112003,0.26041013,1.805754,-0.33961612,1.7781417,0.25426677,3.175113,-0.34014377,3.1166642,0.22683609,4.406426,-0.3265894,4.3842487,0.23185492,4.5870953,-0.32384282,4.57928,0.11503721,4.8442554,-0.25321794,4.797241,main_sous_table
-0.024787499,-0.28152087,0.049328394,-0.44677186,0.091680616,-0.45591718,0.1300544,-0.46486476,-0.084584646,-0.44929078,-0.12765123,-0.46198454,-0.16519208,-0.4764144,0.20016265,-0.5164075,-0.20004447,-0.5361188,0.052806456,-0.18945077,-0.090090066,-0.19295198,0.49920338,0.02821314,-0.49920338,-0.02821314,0.6512471,0.8207429,-0.6624881,0.7887896,0.3490211,1.3687052,-0.4448083,1.3243644,0.29196855,1.5879606,-0.4035295,1.5678898,0.2185425,1.4890529,-0.32934543,1.4351774,0.22559159,1.3974919,-0.32458222,1.3162723,0.26614514,1.8043005,-0.33312201,1.781118,0.26665905,3.1777778,-0.32888752,3.1262853,0.23770714,4.4107523,-0.31511888,4.3918276,0.24294913,4.5912466,-0.31156793,4.584266,0.12598535,4.8491864,-0.24393025,4.808912,main_sous_table
-0.026419759,-0.2824685,0.048302293,-0.44754195,0.09065095,-0.45663327,0.12913638,-0.4654015,-0.08623194,-0.45028657,-0.12963198,-0.4631672,-0.16710387,-0.47762087,0.20055296,-0.5164175,-0.20124654,-0.53756636,0.0517554,-0.19038214,-0.09158686,-0.19384661,0.49912456,0.029575171,-0.49912456,-0.029575171,0.64992976,0.8181406,-0.66639143,0.7821065,0.33727032,1.3710496,-0.4459301,1.3143363,0.27360648,1.5891734,-0.41577855,1.5080171,0.20494491,1.4940326,-0.33030775,1.4123602,0.20654893,1.3179893,-0.32553557,1.2969916,0.25449777,1.8064944,-0.3505044,1.7782826,0.24723436,3.1857762,-0.36095458,3.124267,0.20844486,4.418884,-0.36221996,4.3929024,0.21320264,4.597763,-0.3609002,4.58557,0.087943204,4.8625913,-0.29529297,4.8130975,main_sous_table
-0.026846956,-0.28064388,0.047799062,-0.44582048,0.09019351,-0.45518082,0.12861417,-0.464169,-0.086579174,-0.44788972,-0.12991562,-0.461013,-0.16728573,-0.475679,0.19976547,-0.5161724,-0.20149717,-0.5375355,0.051564537,-0.18881172,-0.09193597,-0.19240922,0.49915302,0.029090373,-0.49915302,-0.029090373,0.6513254,0.81376016,-0.6660833,0.7803429,0.34127733,1.3683187,-0.4454694,1.3115786,0.28155363,1.5863909,-0.40476152,1.5179839,0.20290641,1.4238899,-0.3292434,1.4076971,0.20222627,1.2807074,-0.32500774,1.2896417,0.253658,1.806798,-0.35031864,1.776657,0.24329762,3.1860821,-0.36107215,3.1288843,0.20312881,4.419546,-0.36047015,4.3928323,0.20695518,4.600392,-0.35886738,4.5823846,0.085519016,4.8592596,-0.29348293,4.8163204,main_sous_table
-0.028398916,-0.28007165,0.046098404,-0.4445986,0.08850418,-0.4541944,0.12687688,-0.46341762,-0.08759761,-0.44593892,-0.13071986,-0.45911023,-0.16796724,-0.4738143,0.198344,-0.5156272,-0.20140545,-0.5365971,0.050389975,-0.1887697,-0.09285603,-0.19210799,0.49911106,0.029802151,-0.49911106,-0.029802151,0.64929754,0.81183743,-0.66552526,0.77830493,0.33960015,1.366573,-0.44545925,1.3082787,0.27978247,1.5840296,-0.40142378,1.5263984,0.20172432,1.4537815,-0.32953483,1.4042469,0.2024148,1.350976,-0.32539117,1.286093,0.25220758,1.8030679,-0.35020998,1.7725188,0.24112941,3.1795437,-0.35998926,3.1231782,0.20029862,4.4121046,-0.3588195,4.3863354,0.20405485,4.593348,-0.35744599,4.575207,0.08354987,4.850532,-0.29271346,4.8098793,main_sous_table
-0.030269777,-0.28401324,0.04425354,-0.44894642,0.08714097,-0.45852795,0.12597542,-0.46764356,-0.089238405,-0.44985443,-0.13177942,-0.46248674,-0.16793881,-0.47658777,0.19564132,-0.5180185,-0.20045045,-0.5381693,0.049957193,-0.19250093,-0.093304485,-0.19545008,0.4992248,0.027831204,-0.4992248,-0.027831204,0.6505475,0.8077419,-0.66371435,0.77606314,0.33845624,1.3678706,-0.44700867,1.3064644,0.27952707,1.5901519,-0.42917508,1.5237345,0.20188478,1.4852536,-0.33472708,1.4037282,0.20085502,1.3253664,-0.32658496,1.2944481,0.2533523,1.8014302,-0.3489269,1.7711335,0.24229757,3.1770375,-0.3577047,3.11999,0.2034256,4.4117084,-0.3537511,4.3840446,0.206998,4.5933585,-0.3516643,4.573144,0.09025488,4.8485312,-0.28640503,4.80696,main_sous_table
-0.03312679,-0.28221256,0.041283585,-0.4483458,0.08407,-0.45796648,0.122741014,-0.46712738,-0.09164826,-0.4496781,-0.13403173,-0.4624419,-0.17029876,-0.47664064,0.19413683,-0.5175849,-0.20131882,-0.5380686,0.04707637,-0.19067371,-0.09563939,-0.19389366,0.49911267,0.029774694,-0.49911267,-0.029774694,0.6512931,0.82141364,-0.66733557,0.7644663,0.3442781,1.4035728,-0.4523943,1.3149611,0.28891367,1.6291292,-0.43128684,1.5510209,0.21094762,1.5409839,-0.34320432,1.4929003,0.2137905,1.4297884,-0.3374177,1.3251349,0.26030016,1.8046582,-0.343341,1.7754489,0.25304222,3.1825855,-0.34585562,3.1305387,0.21157357,4.4185596,-0.3443894,4.3975487,0.21820123,4.600803,-0.34237677,4.5872874,0.090933815,4.8586583,-0.2807993,4.8215895,main_sous_table
-0.032283135,-0.28460974,0.041697066,-0.45057693,0.08452302,-0.4606957,0.12316074,-0.470542,-0.091166034,-0.45074433,-0.13362075,-0.46368772,-0.16986741,-0.4776137,0.19381553,-0.5206524,-0.20152225,-0.5386574,0.047790673,-0.1930169,-0.09483898,-0.19629234,0.49911988,0.029653821,-0.49911988,-0.029653821,0.6525778,0.821781,-0.6659412,0.7844606,0.34478402,1.4013466,-0.44917452,1.3166225,0.28880218,1.6238748,-0.4137419,1.5644009,0.21007769,1.534064,-0.33841383,1.4726913,0.21392761,1.4229268,-0.3338874,1.325324,0.261699,1.7975805,-0.34252584,1.7737031,0.25420982,3.1725225,-0.3435521,3.1269374,0.21461265,4.404006,-0.3398496,4.3891053,0.22072919,4.584356,-0.33765784,4.579047,0.09600697,4.8466873,-0.27293733,4.8097506,main_sous_table
-0.03541224,-0.28515458,0.038740125,-0.4506568,0.08126549,-0.46049064,0.120719865,-0.47001797,-0.09262979,-0.45102403,-0.13466366,-0.46401098,-0.17093624,-0.47805282,0.19396017,-0.5198013,-0.20059009,-0.5396556,0.04542123,-0.1935811,-0.097531185,-0.19750148,0.4991344,0.02940845,-0.4991344,-0.02940845,0.65868115,0.8240529,-0.66573113,0.78598267,0.35353106,1.3671058,-0.44997597,1.320309,0.29175457,1.6241148,-0.41149524,1.5692426,0.21269946,1.5354662,-0.3375864,1.4945118,0.21734601,1.4233353,-0.333797,1.3336914,0.26417625,1.7957201,-0.33920953,1.7695843,0.2564308,3.1751387,-0.34273547,3.1263676,0.21671177,4.4040937,-0.33890694,4.386975,0.22259498,4.5830173,-0.3361917,4.5739603,0.09843077,4.8469844,-0.2713297,4.8112636,main_sous_table
-0.035335418,-0.2864986,0.038994167,-0.4523157,0.08154127,-0.4620523,0.12107239,-0.47145253,-0.093005076,-0.45239294,-0.13523516,-0.4652226,-0.1716523,-0.47907162,0.194407,-0.520764,-0.20100595,-0.5405099,0.045671746,-0.19436626,-0.09741924,-0.19813894,0.49908966,0.030158311,-0.49908966,-0.030158311,0.6522259,0.8249541,-0.66708106,0.7820486,0.3536985,1.3596197,-0.44954658,1.3135405,0.2888177,1.6258075,-0.4131261,1.5392354,0.21303467,1.5371679,-0.33868417,1.4459041,0.21798122,1.433543,-0.3345635,1.3141137,0.25846407,1.8052293,-0.3482925,1.7734323,0.23398629,3.1886978,-0.37179986,3.1386964,0.1859695,4.4169827,-0.36560482,4.3957744,0.18964526,4.594436,-0.36129457,4.5792146,0.07225349,4.860022,-0.29702526,4.8268423,main_sous_table
-0.035532847,-0.2872966,0.039117415,-0.45512328,0.08182765,-0.46470773,0.1213823,-0.4741837,-0.09302203,-0.45733735,-0.13524817,-0.4711429,-0.17173901,-0.48516834,0.19687088,-0.52382916,-0.20064616,-0.5455095,0.045552384,-0.194752,-0.09762542,-0.19876634,0.49910915,0.029833712,-0.49910915,-0.029833712,0.6499717,0.8265643,-0.66491604,0.7884019,0.3621751,1.3922052,-0.44985035,1.3213742,0.30967584,1.6295992,-0.41315278,1.5647043,0.23867638,1.5457468,-0.34258527,1.4997962,0.24070124,1.4458722,-0.33466998,1.3257859,0.26992565,1.7991184,-0.3298232,1.7712668,0.25281873,3.1786125,-0.33766678,3.1355436,0.21619092,4.4127154,-0.32192746,4.3936706,0.22263749,4.5914364,-0.31824738,4.57715,0.10132809,4.8539104,-0.25525135,4.8241134,main_sous_table
-0.033113834,-0.29042143,0.042265467,-0.45757812,0.08488177,-0.46656117,0.124162674,-0.47508788,-0.09044521,-0.45928037,-0.13263571,-0.4723099,-0.16915089,-0.48586246,0.19869664,-0.5234967,-0.19832805,-0.5453017,0.047879744,-0.19624937,-0.095209055,-0.19946583,0.49924174,0.027526248,-0.49924174,-0.027526248,0.65614533,0.81451994,-0.6619391,0.7895861,0.37213707,1.3381628,-0.44617018,1.32396,0.31134665,1.5960587,-0.40962633,1.5771015,0.23991394,1.5034982,-0.3386565,1.5100485,0.24251293,1.2999825,-0.33184972,1.3935636,0.27086693,1.8017758,-0.330325,1.7756972,0.25573853,3.1800299,-0.33566666,3.1332574,0.21895534,4.4079604,-0.3243025,4.3879504,0.22488031,4.586501,-0.3219915,4.571994,0.10445215,4.8502274,-0.25554177,4.8176484,main_sous_table
-0.03355209,-0.2879095,0.04147093,-0.4560811,0.084136486,-0.465146,0.12338147,-0.47361332,-0.09126287,-0.4578124,-0.13294692,-0.47058246,-0.16976847,-0.48402026,0.19840115,-0.52151185,-0.19867155,-0.542777,0.047180135,-0.19432333,-0.09516206,-0.1974053,0.499138,0.029347124,-0.499138,-0.029347124,0.6559843,0.8123182,-0.6674623,0.76319057,0.39548466,1.338183,-0.45668045,1.3205795,0.32181543,1.5999155,-0.44036043,1.5287725,0.2504555,1.5077703,-0.35357156,1.4728745,0.2528978,1.3488625,-0.3489716,1.3515682,0.26305142,1.7987291,-0.33183348,1.7661576,0.24716265,3.160724,-0.33733752,3.1034176,0.21297503,4.3848777,-0.32615384,4.3628755,0.21814145,4.566877,-0.3234433,4.551463,0.09866713,4.814507,-0.25718412,4.77756,main_sous_table
-0.03331612,-0.29535553,0.041200384,-0.46732032,0.084236175,-0.4772986,0.12229252,-0.4866603,-0.09160882,-0.46724206,-0.1337321,-0.47876567,-0.16994217,-0.49134487,0.1953709,-0.52713674,-0.20005067,-0.546057,0.046645388,-0.19973877,-0.095769055,-0.20138288,0.49919468,0.0283665,-0.49919468,-0.0283665,0.6513676,0.812011,-0.66533977,0.76804817,0.39038694,1.3321444,-0.4451433,1.3127441,0.31765187,1.5958883,-0.40794834,1.5222712,0.24627627,1.5052668,-0.34315932,1.4370782,0.24905981,1.3851395,-0.339172,1.321207,0.26131576,1.7899206,-0.33274534,1.7621577,0.24717413,3.1448328,-0.33305714,3.0974553,0.21338345,4.3641486,-0.318845,4.342103,0.21934076,4.545236,-0.31697184,4.530162,0.09857576,4.792606,-0.24927166,4.7555313,main_sous_table
-0.02732478,-0.29301366,0.046170227,-0.4645045,0.08873716,-0.4740272,0.12661675,-0.48281837,-0.08845753,-0.46553794,-0.13100882,-0.47685963,-0.1683541,-0.48935542,0.1965394,-0.5241045,-0.20010336,-0.5424086,0.049770545,-0.1975243,-0.092098035,-0.19810623,0.4992058,0.028170353,-0.4992058,-0.028170353,0.65020716,0.81066096,-0.66277975,0.7717423,0.38104647,1.3393039,-0.44706124,1.3129381,0.31628165,1.5912298,-0.40930092,1.5443608,0.24480344,1.5009415,-0.34498122,1.4356129,0.24723892,1.3849796,-0.33993116,1.3231543,0.26079214,1.7875848,-0.33303037,1.7605844,0.250718,3.1424797,-0.3328498,3.0964894,0.21925218,4.3629317,-0.3199197,4.341486,0.22539806,4.544072,-0.31800553,4.529483,0.10311496,4.7926364,-0.25056577,4.7552156,main_sous_table
-0.021501075,-0.29905203,0.050937716,-0.46799663,0.093005754,-0.4774541,0.13028394,-0.48640898,-0.08325446,-0.47053042,-0.12666647,-0.48149532,-0.16473705,-0.49361983,0.19846916,-0.52716637,-0.19919115,-0.54397815,0.053220995,-0.2022019,-0.088013165,-0.20271292,0.499201,0.028255334,-0.499201,-0.028255334,0.65866125,0.8104615,-0.66224,0.7749558,0.38004357,1.3128656,-0.4432422,1.3090203,0.3148701,1.5746726,-0.39513737,1.5489244,0.24274704,1.4780465,-0.33637273,1.4214959,0.24432068,1.2758689,-0.33194053,1.3181856,0.26078588,1.7957973,-0.333977,1.7715582,0.25211912,3.1526248,-0.33419698,3.1079476,0.22154407,4.3720403,-0.32025206,4.3550153,0.22741847,4.5529633,-0.31835553,4.5448704,0.10832373,4.803072,-0.24953967,4.766943,main_sous_table
-0.02629034,-0.29426175,0.045365296,-0.46517769,0.08774723,-0.47562927,0.12590596,-0.4854572,-0.086211644,-0.46553263,-0.12838122,-0.47705647,-0.16601136,-0.49036008,0.19749908,-0.5289878,-0.19928788,-0.5438434,0.051389452,-0.20057309,-0.08993213,-0.20176412,0.4991582,0.029001573,-0.4991582,-0.029001573,0.65000767,0.8278459,-0.6636955,0.77343404,0.35726434,1.3665541,-0.4435247,1.308428,0.2972025,1.5896107,-0.4061749,1.5024515,0.23277773,1.5015852,-0.33669916,1.4154667,0.23662424,1.3781027,-0.33151746,1.3054836,0.25569332,1.7990429,-0.33659127,1.7727132,0.23888205,3.159466,-0.34465528,3.1106627,0.21233633,4.3889904,-0.32609078,4.3681974,0.21897492,4.5699987,-0.3219849,4.5577435,0.098897904,4.8178144,-0.25920948,4.7811265,main_sous_table
-0.025960835,-0.2978109,0.046237297,-0.46858722,0.088770434,-0.47902998,0.12684746,-0.48885387,-0.086132765,-0.46878442,-0.12890445,-0.48029673,-0.1656368,-0.4936014,0.19825378,-0.5323211,-0.19932565,-0.5472669,0.052274488,-0.20387079,-0.09001867,-0.20487352,0.49936414,0.025208486,-0.49936414,-0.025208486,0.6493875,0.8187111,-0.65911597,0.7716055,0.36171225,1.3372016,-0.44033182,1.3068335,0.30662256,1.5962602,-0.4043438,1.5357413,0.23776793,1.5107007,-0.33526278,1.4247582,0.24094655,1.4056278,-0.32828182,1.3186047,0.25666797,1.7932924,-0.33501378,1.7674488,0.23908854,3.1533246,-0.34726402,3.1053574,0.20782739,4.38216,-0.33521235,4.3623385,0.21293665,4.5633154,-0.332574,4.5511007,0.09645529,4.811064,-0.26782787,4.775348,main_sous_table
-0.030159632,-0.29783657,0.044504292,-0.4673601,0.08716219,-0.4769555,0.12606534,-0.4858209,-0.08739758,-0.46907032,-0.12958284,-0.48109534,-0.16657597,-0.49463344,0.19938807,-0.5293644,-0.19861396,-0.54892606,0.049889445,-0.20342655,-0.09292657,-0.2055801,0.49938652,0.024760751,-0.49938652,-0.024760751,0.6505677,0.8195697,-0.6590131,0.77465767,0.35447207,1.3588423,-0.4399311,1.30685,0.3005056,1.5981643,-0.39727694,1.5379276,0.22897545,1.5128254,-0.3359806,1.4183397,0.23296529,1.4128597,-0.3288367,1.3026593,0.25735456,1.7961202,-0.3347491,1.7692901,0.23871437,3.158747,-0.34640765,3.110496,0.205575,4.3905826,-0.333664,4.3677754,0.21136174,4.571104,-0.3312038,4.5562687,0.09046026,4.8225555,-0.26671338,4.7850075,main_sous_table
-0.038479876,-0.29767153,0.03792445,-0.4671729,0.08183267,-0.4768203,0.12159739,-0.48585322,-0.09425573,-0.4686853,-0.13590845,-0.480993,-0.17046623,-0.49444982,0.19719271,-0.5292606,-0.19902462,-0.5491573,0.044320013,-0.2032709,-0.099557385,-0.20567065,0.49938837,0.024723886,-0.49938837,-0.024723886,0.650693,0.81850135,-0.659691,0.77400154,0.35318348,1.361087,-0.4403445,1.3057561,0.29931426,1.5942403,-0.40770411,1.5361977,0.22649771,1.5084815,-0.33648813,1.4169291,0.23116617,1.4110935,-0.32920817,1.3002381,0.25726712,1.7943155,-0.33506113,1.7674474,0.23802264,3.1561506,-0.34675765,3.1079104,0.20476142,4.388026,-0.3346439,4.363912,0.21073563,4.567856,-0.332332,4.551917,0.08879257,4.820138,-0.2681197,4.7811675,main_sous_table
0.01342911,-0.011447857,0.08380564,-0.14544111,0.12380858,-0.16995718,0.15972006,-0.19792089,-0.03668004,-0.14293325,-0.07577156,-0.16023193,-0.11387246,-0.1803186,0.21093814,-0.33079,-0.17683008,-0.32942793,0.07132004,0.029654963,-0.056388434,0.024723386,0.4998718,0.011322081,-0.4998718,-0.011322081,0.6425365,0.83597255,-0.6106816,0.8418353,0.42776966,1.2510661,-0.20879118,1.190915,0.36889416,1.3939223,-0.13980891,1.3370323,0.33644992,1.2785906,-0.10472739,1.226061,0.29161468,1.0511374,-0.095194906,1.1896052,0.28961533,1.5374831,-0.301003,1.5556456,0.24625303,2.8342032,-0.31697816,2.8330224,0.21351525,4.0159783,-0.29121637,4.0864186,0.21457334,4.171161,-0.28764266,4.2512507,0.107408434,4.4376674,-0.2238524,4.5091677,regarde_antiseche
0.016513906,0.0029593,0.08752497,-0.13399668,0.12705499,-0.15982385,0.16377096,-0.19000831,-0.03401916,-0.12778403,-0.073227696,-0.14522208,-0.11225625,-0.16519414,0.21175563,-0.3296202,-0.1766656,-0.32386702,0.07412532,0.040177852,-0.053862583,0.03381081,0.49990532,0.009729975,-0.49990532,-0.009729975,0.64280397,0.8373492,-0.6160295,0.85933995,0.47528905,1.25121,-0.13020565,1.1408099,0.44458932,1.3980687,0.0067992397,1.247916,0.41956624,1.2870487,0.026583105,1.1049517,0.39375904,1.1213238,0.004229385,1.075606,0.28870845,1.5402927,-0.31623492,1.553311,0.23542985,2.8412676,-0.32986337,2.8379202,0.18870369,4.017305,-0.3226998,4.0744777,0.1892563,4.174078,-0.32456917,4.2370152,0.07955161,4.443657,-0.2640118,4.494152,regarde_antiseche
0.032750774,-0.0020588224,0.101123534,-0.13950385,0.14054202,-0.16546993,0.17591363,-0.194965,-0.015637511,-0.13085203,-0.05737291,-0.14661472,-0.09431109,-0.16553551,0.21477865,-0.33481458,-0.16941601,-0.3202175,0.08654711,0.035894707,-0.04022425,0.030300194,0.4999898,0.0031906904,-0.4999898,-0.0031906904,0.6456722,0.83403355,-0.6396591,0.855189,0.46824834,1.2405802,-0.19054343,1.1601539,0.4292952,1.384377,-0.06087367,1.3020371,0.4160684,1.2734025,-0.038296666,1.1530914,0.3841168,1.1351082,-0.04952882,1.1244218,0.30161357,1.5432684,-0.3124588,1.5763906,0.26516914,2.8344533,-0.29846525,2.8533716,0.2413524,4.010795,-0.26319385,4.060072,0.24402298,4.16756,-0.2653044,4.2247696,0.13956922,4.4428864,-0.18737836,4.482002,regarde_antiseche
0.024655415,0.04877219,0.09173705,-0.07107691,0.13355593,-0.12262871,0.17317563,-0.15373097,-0.026823398,-0.058996037,-0.063153274,-0.07697405,-0.10119837,-0.09848271,0.21466976,-0.31542158,-0.16969444,-0.30008903,0.08337041,0.062253617,-0.042399075,0.05533737,0.49999836,-0.0012793932,-0.49999836,0.0012793932,0.66330016,0.8557894,-0.64374876,0.85420454,0.83462805,1.122427,-0.27919993,1.2208573,0.91688144,1.1406982,-0.19336647,1.379774,0.93384886,1.052648,-0.14803359,1.2435039,0.85663193,1.0312995,-0.14603446,1.1987911,0.30112478,1.5311451,-0.33427265,1.561098,0.26401535,2.8623629,-0.31553945,2.8818765,0.23971316,4.08076,-0.30087626,4.1031036,0.24126673,4.2476983,-0.3096711,4.25631,0.12960865,4.52335,-0.19098487,4.560388,regarde_antiseche
0.024444945,0.037567217,0.08945339,-0.08369017,0.13143775,-0.13229734,0.17240575,-0.16262859,-0.028158816,-0.07144798,-0.06284378,-0.08815893,-0.10109127,-0.1088683,0.21021071,-0.3187949,-0.1688167,-0.30112854,0.084587425,0.055227865,-0.040774565,0.04833471,0.4999745,-0.005051268,-0.4999745,0.005051268,0.68010056,0.862435,-0.64963746,0.8471751,0.7106778,1.1291956,-0.47160053,1.281298,0.73151404,1.1814125,-0.47529042,1.4486816,0.72630346,1.0829346,-0.43341112,1.3517764,0.6774839,1.0527905,-0.39787498,1.2929597,0.3350974,1.5548855,-0.33074018,1.5855411,0.2962009,2.9444923,-0.29186,2.9565222,0.26158834,4.175393,-0.27035117,4.2027845,0.26967052,4.3400464,-0.27937603,4.3563347,0.14149818,4.63877,-0.15373224,4.6697664,regarde_antiseche
0.02233575,-0.0105665615,0.08794296,-0.16076206,0.13000277,-0.18904483,0.16932344,-0.2105645,-0.024234207,-0.13650602,-0.062492218,-0.14145318,-0.09507051,-0.15568195,0.20714897,-0.3489024,-0.1511822,-0.32854477,0.083051786,-0.024910426,-0.036723536,0.032139633,0.49991536,-0.009199023,-0.49991536,0.009199023,0.7829475,0.97376144,-0.65714,0.8481566,0.6233363,1.0260026,-0.39420933,1.252937,0.5562767,1.0616938,-0.31113085,1.4231519,0.5517021,0.93562746,-0.27360144,1.3333639,0.55371916,0.91938806,-0.28287476,1.2762061,0.3410366,1.626532,-0.3301565,1.6537291,0.29962078,3.048973,-0.29444084,3.0320091,0.26334196,4.2818704,-0.27114233,4.32518,0.26858523,4.451893,-0.27805406,4.5096984,0.14130236,4.7777624,-0.15877096,4.784701,regarde_antiseche
0.045404814,0.08053058,0.10442493,-0.042359885,0.14084089,-0.06588367,0.18152204,-0.095424436,-0.011627736,-0.02035084,-0.045435064,-0.032191202,-0.087110914,-0.04881303,0.21163777,-0.30519494,-0.14853698,-0.24020551,0.104755126,0.067854926,-0.014151389,0.09657067,0.49988297,-0.010817242,-0.49988297,0.010817242,0.74371904,0.8561298,-0.651442,0.8467055,0.6147997,0.80301964,-0.2270997,1.2446678,0.5727351,0.80043876,-0.091769814,1.4103342,0.5632814,0.69054097,-0.062223546,1.2937038,0.54808724,0.6858501,-0.082633786,1.2366782,0.33955297,1.6289084,-0.35699955,1.6607008,0.298938,3.056452,-0.32300255,3.055086,0.26312432,4.325158,-0.30462113,4.3630886,0.26878637,4.4908805,-0.31313142,4.5351677,0.14241816,4.822653,-0.18870744,4.830008,regarde_antiseche
0.04151364,0.06374219,0.10238124,-0.05943193,0.1381899,-0.08220092,0.18063459,-0.10979302,-0.0120354695,-0.04267629,-0.04880258,-0.05454682,-0.085026294,-0.071294285,0.21602347,-0.28804427,-0.14753252,-0.2503898,0.10428721,0.059800252,-0.0123438,0.08005824,0.49984112,-0.012603908,-0.49984112,0.012603908,0.7280068,0.80766183,-0.63477826,0.8385381,0.80519754,0.86119366,-0.11283456,1.1793799,0.85929966,0.8870605,0.034686383,1.3004738,0.8523388,0.7834194,0.062551364,1.1662982,0.7932593,0.7591205,0.034529306,1.1266991,0.3315877,1.6202635,-0.36025378,1.6459789,0.2906574,3.0508559,-0.32710338,3.0404375,0.25736046,4.324972,-0.30579585,4.337631,0.26226646,4.495971,-0.3130068,4.5036283,0.14077781,4.791924,-0.18959752,4.796059,regarde_antiseche
0.050526958,0.05785223,0.11247833,-0.0726431,0.14634897,-0.08823991,0.18701723,-0.11841602,0.002126276,-0.06009665,-0.03858742,-0.07019856,-0.07183652,-0.08667892,0.22053325,-0.29597387,-0.1418843,-0.25649926,0.109813124,0.05916584,-0.008899714,0.07561476,0.49990335,-0.00983071,-0.49990335,0.00983071,0.72980124,0.767969,-0.6242228,0.8342136,0.74971807,0.88245726,-0.067558706,1.1788628,0.77665293,0.91716695,0.087331995,1.3072133,0.764421,0.8163301,0.120298006,1.1634688,0.7171532,0.7952634,0.08428745,1.1241562,0.33059758,1.6375154,-0.3619486,1.6669608,0.29276994,3.0766299,-0.32859418,3.068898,0.26858476,4.347947,-0.3021806,4.374877,0.27410838,4.5213084,-0.310191,4.5500817,0.14808027,4.8334045,-0.1815365,4.840056,regarde_antiseche
0.055309612,0.062891066,0.11596855,-0.06053249,0.15216208,-0.08011319,0.18928346,-0.107790984,0.011141063,-0.049788818,-0.030612784,-0.06078738,-0.059260827,-0.07771877,0.22051495,-0.30010995,-0.1290878,-0.24444962,0.11181739,0.06370231,0.0018473909,0.07481567,0.49987036,-0.011384989,-0.49987036,0.011384989,0.7284151,0.753978,-0.62036544,0.8331697,0.7901829,0.84506285,-0.089589566,1.1867427,0.8366512,0.8657501,0.04958164,1.3162035,0.8256015,0.78168404,0.08394219,1.1743428,0.76821756,0.7729236,0.051052384,1.1316403,0.32820514,1.634079,-0.36227643,1.6669669,0.29371524,3.0640938,-0.32832396,3.0581124,0.27340573,4.3447533,-0.2962611,4.391256,0.2768799,4.5229096,-0.30036134,4.5755053,0.15459397,4.8138175,-0.18064901,4.8407297,regarde_antiseche
0.04766527,0.054919638,0.10918742,-0.09566047,0.14481442,-0.10624167,0.18195873,-0.12428119,0.005141118,-0.09322431,-0.03597396,-0.10362289,-0.06474974,-0.11721511,0.21533975,-0.30121768,-0.13373777,-0.24884424,0.10438875,0.057516985,-0.0038896292,0.0637602,0.4999322,-0.008233821,-0.4999322,0.008233821,0.74704,0.9239452,-0.6169513,0.82171696,0.5031808,0.7973036,-0.08950091,0.98384124,0.42679295,0.78803194,0.04959968,1.0419742,0.42891303,0.66102284,0.062592365,0.9132687,0.42866397,0.6639571,0.03332096,0.89207447,0.32634622,1.6144872,-0.35259005,1.6440231,0.31050694,3.0357065,-0.31209487,3.0285845,0.29885653,4.3126917,-0.25109068,4.3721085,0.29998553,4.4886804,-0.24101608,4.5581355,0.1900247,4.79222,-0.16202928,4.8288474,regarde_antiseche
0.048718918,0.063040175,0.10912442,-0.08624344,0.14378874,-0.10126254,0.18247528,-0.12246466,0.0009671271,-0.07594226,-0.03457349,-0.08731389,-0.06902293,-0.09947972,0.21167547,-0.28373143,-0.13105692,-0.24736232,0.106190406,0.07296281,-0.0034372408,0.07722398,0.49987653,-0.011111213,-0.49987653,0.011111213,0.70602936,0.87811744,-0.6183682,0.8213679,0.52901626,0.8126698,-0.10048305,1.0056912,0.48427323,0.8504166,0.035019558,1.0480882,0.4705364,0.7015117,0.051219717,0.92402685,0.4556569,0.6792663,0.024281546,0.8975174,0.33056027,1.626377,-0.3572753,1.6543568,0.3114473,3.0805118,-0.32525373,3.0649931,0.29317066,4.375032,-0.28646183,4.420189,0.29546344,4.5445976,-0.28310084,4.5982323,0.17267266,4.8709764,-0.19270304,4.8851666,regarde_antiseche
0.05188495,0.045834158,0.11535546,-0.1422581,0.15189534,-0.15890323,0.18731125,-0.17796457,0.008262177,-0.08167203,-0.029680815,-0.09048671,-0.059244886,-0.10267968,0.21677168,-0.31112748,-0.121854216,-0.2502278,0.11056953,0.042416852,0.0022914673,0.054518346,0.4998753,-0.011165453,-0.4998753,0.011165453,0.709499,0.84787613,-0.61985874,0.8235949,0.53755605,0.9977399,-0.08552432,1.0373831,0.49874464,1.0955236,0.06251527,1.1371421,0.47622824,0.96467537,0.087118275,1.0023465,0.46216428,0.9246529,0.052002918,0.9629991,0.33360526,1.6411864,-0.35876733,1.6699437,0.31113642,3.097393,-0.32651475,3.0784414,0.28241774,4.386151,-0.29426804,4.435951,0.28081244,4.5560465,-0.29411113,4.6198797,0.15861072,4.8791957,-0.20325437,4.8937073,regarde_antiseche
0.07145838,0.040773887,0.12102446,-0.13456461,0.16028066,-0.1550454,0.19639604,-0.19886859,0.015683483,-0.085439846,-0.025607957,-0.093579344,-0.053360254,-0.106322445,0.22327416,-0.3290548,-0.11649809,-0.25574562,0.12080134,0.035836425,0.013287061,0.05149577,0.4997786,-0.014877876,-0.4997786,0.014877876,0.71487385,0.7907794,-0.6254279,0.82164603,0.55114204,0.9964813,-0.122342706,1.0524892,0.5125831,1.0658157,0.01088317,1.1520913,0.48971552,0.9408432,0.031382177,1.039132,0.4760353,0.9078803,0.0043399534,0.9956216,0.33971387,1.6445953,-0.35483736,1.6840272,0.31497517,3.1093302,-0.3212214,3.0943224,0.28834003,4.414214,-0.28116342,4.4724693,0.28554818,4.589495,-0.27565038,4.6642513,0.16768906,4.907605,-0.19408777,4.927966,regarde_antiseche
0.058625743,0.01918216,0.11854228,-0.17458579,0.15358077,-0.18991618,0.19243851,-0.21584012,0.014039224,-0.09641626,-0.028205585,-0.10258742,-0.053965017,-0.11449427,0.21623255,-0.33915284,-0.113883466,-0.26461953,0.11277522,0.0109122675,0.00088012294,0.030308329,0.49981168,-0.013721333,-0.49981168,0.013721333,0.7623293,0.9241126,-0.62985224,0.818079,0.5061841,0.9420556,-0.108546406,0.99775386,0.43919358,0.9639266,0.032917436,1.0705165,0.4273403,0.8230333,0.04122014,0.958054,0.42722127,0.8139787,0.011712462,0.92654234,0.3401714,1.6496131,-0.352443,1.6820089,0.31633818,3.1063018,-0.32121408,3.0691965,0.29431424,4.409584,-0.27912775,4.46103,0.29006645,4.5867076,-0.27268738,4.658514,0.18472639,4.903039,-0.19425417,4.8967423,regarde_antiseche
0.06431158,0.085778564,0.116826475,-0.032118596,0.15326315,-0.05399066,0.19045095,-0.11510729,0.012996539,-0.009710404,-0.028910857,-0.01933917,-0.054306075,-0.03409589,0.21850774,-0.27915713,-0.11645235,-0.183635,0.11212563,0.09203591,0.0024944597,0.10306187,0.49972522,-0.016573986,-0.49972522,0.016573986,0.7812954,0.9518416,-0.6185711,0.8506705,0.42592737,0.8534171,-0.005791362,0.96201384,0.33120683,0.84182566,0.1791325,1.0088613,0.31924433,0.70511067,0.17697339,0.8652326,0.32458726,0.70558786,0.13175818,0.8423685,0.33581218,1.6110346,-0.34761557,1.6479623,0.3214631,3.0476675,-0.30889624,3.0239995,0.2961367,4.347133,-0.24142286,4.403195,0.28888965,4.5233827,-0.22476815,4.594535,0.19561045,4.8309674,-0.17089535,4.8538465,regarde_antiseche
0.06495641,0.11826146,0.12024869,0.0010382092,0.15684621,-0.020776104,0.19463746,-0.054116752,0.012971384,0.015761903,-0.028923756,0.0053633186,-0.05651558,-0.009155654,0.22116427,-0.21312705,-0.12832777,-0.15383054,0.11660084,0.13458078,0.0025019916,0.1459578,0.49986807,-0.011485194,-0.49986807,0.011485194,0.7484668,0.8862388,-0.6151525,0.83810544,0.41586447,1.0454434,-0.01561374,1.0441756,0.32281357,1.1106806,0.15744245,1.1240889,0.30225214,0.960773,0.16073589,0.99011564,0.30804867,0.93199927,0.11806472,0.95574605,0.33172372,1.5778322,-0.34487858,1.6043465,0.316449,3.0006592,-0.31723863,2.968763,0.2693021,4.28578,-0.27360365,4.361934,0.2564406,4.449824,-0.259674,4.5501666,0.15848343,4.776152,-0.20961292,4.821555,regarde_antiseche
0.06393185,0.10374066,0.12002433,0.0034786465,0.15573312,-0.015440782,0.19281292,-0.039414395,0.0031432058,0.008882273,-0.03495025,-0.0030653386,-0.07604588,-0.018007245,0.21997085,-0.21013808,-0.14113927,-0.1541604,0.11524399,0.120561,-0.00216663,0.12570058,0.49987698,-0.011091248,-0.49987698,0.011091248,0.7939946,0.95535237,-0.5980289,0.83629566,0.49341014,0.9794401,0.020884829,0.9524732,0.4281523,1.0255885,0.19996251,0.9714861,0.4043792,0.8915542,0.2084439,0.84168655,0.40165576,0.8700534,0.1651883,0.8303951,0.33565912,1.533451,-0.33056986,1.5663567,0.3151141,2.958075,-0.28906715,2.9498243,0.26627693,4.176633,-0.24574889,4.252527,0.25435573,4.3333135,-0.24113032,4.4270205,0.15847528,4.6560845,-0.15824412,4.71738,regarde_antiseche
0.061731875,0.102586865,0.11816437,-0.0020304422,0.15308332,-0.020424476,0.19031663,-0.04862787,0.003093624,0.007946626,-0.035284713,-0.0038026741,-0.07466844,-0.018607125,0.21897629,-0.21529935,-0.14125401,-0.16177651,0.11348371,0.11730615,-0.0034766109,0.12330225,0.49992597,-0.008603999,-0.49992597,0.008603999,0.7443016,0.7983595,-0.59778285,0.79885966,0.44842997,0.82821536,-0.013196431,0.90547043,0.35644495,0.85750264,0.14481676,0.95097065,0.3364004,0.72649336,0.13437364,0.8166175,0.34151492,0.7125441,0.10255635,0.7957428,0.32851505,1.5098736,-0.33071855,1.5387155,0.33104032,2.803439,-0.29319912,2.802708,0.27807397,3.9981444,-0.2464388,4.1012692,0.26227915,4.141166,-0.24043806,4.2754717,0.18072727,4.5067616,-0.16901487,4.5644355,regarde_antiseche
0.06700825,0.110107996,0.12579854,0.021417009,0.16078085,0.0058001303,0.1978961,-0.014190724,0.009300572,0.024002463,-0.02997186,0.012380958,-0.06814052,-0.001073804,0.22603521,-0.18829463,-0.13568489,-0.13224854,0.118337356,0.12836543,0.0005586648,0.12956601,0.49978095,-0.014798701,-0.49978095,0.014798701,0.71353704,0.75304383,-0.5878068,0.79328376,0.43726265,0.92288244,-0.004292884,0.9206063,0.35360888,0.9773043,0.16234414,0.9561187,0.33491412,0.8541773,0.15500888,0.82834935,0.33858618,0.8264238,0.11775374,0.80983764,0.32863745,1.4763728,-0.3227736,1.515379,0.3274951,2.8360631,-0.28493458,2.8544967,0.2781654,4.0438185,-0.23778419,4.160401,0.2632807,4.1890593,-0.23096725,4.3269205,0.17621015,4.5440106,-0.16113614,4.6251354,regarde_antiseche
0.058697794,0.090062894,0.116676025,-0.0116156535,0.15569463,-0.032976527,0.18892783,-0.049070004,0.004192508,0.0029433314,-0.03750515,-0.002742044,-0.07158019,-0.01261136,0.2185491,-0.24059787,-0.13753895,-0.13850464,0.11319598,0.095569655,-0.002128749,0.10913986,0.49975374,-0.015690729,-0.49975374,0.015690729,0.6954986,0.74249977,-0.5846661,0.80017406,0.49813148,0.9529737,-0.0036085492,0.92309076,0.43194634,0.9928595,0.15947063,0.9608532,0.4157061,0.864698,0.15387681,0.83187103,0.41312778,0.84404486,0.11666529,0.8133803,0.3260264,1.4879508,-0.3266538,1.521541,0.3252287,2.841634,-0.28887925,2.8409977,0.27546465,4.048029,-0.24691515,4.1355143,0.260798,4.1966476,-0.24153595,4.31395,0.17357859,4.5306315,-0.17637792,4.567774,regarde_antiseche
0.052541867,0.09104962,0.11447207,-0.013362492,0.15082414,-0.03396776,0.18814571,-0.055058904,-0.0030209685,0.0009531869,-0.038692184,-0.0059618,-0.08108541,-0.016576,0.21689637,-0.24185057,-0.13873538,-0.14391588,0.10833909,0.09611613,-0.010791216,0.10903068,0.49974078,-0.01609849,-0.49974078,0.01609849,0.70346117,0.7395517,-0.58607197,0.7930317,0.51022226,1.0226861,-0.10330528,1.0441252,0.45461267,1.1121024,0.022180103,1.1622726,0.43387976,0.9929564,0.030012611,1.0398779,0.42524412,0.9513929,0.0066798944,0.9897712,0.33171794,1.4990498,-0.32480633,1.5330188,0.31569242,2.9003675,-0.28891668,2.899638,0.2710331,4.1366315,-0.25216106,4.2209644,0.26157016,4.288148,-0.24579246,4.3880467,0.16099973,4.6372557,-0.1754094,4.6939898,regarde_antiseche
0.05735078,0.112416156,0.11307813,0.0016615052,0.15155795,-0.018194249,0.1868598,-0.038293116,-0.005796987,0.01091194,-0.04261522,0.0015034728,-0.08342628,-0.010295233,0.21566881,-0.22795492,-0.14466795,-0.13212012,0.10918156,0.11156968,-0.010067151,0.12581563,0.49976167,-0.015435788,-0.49976167,0.015435788,0.7836911,0.92681843,-0.5940436,0.78183126,0.49401742,1.0036149,-0.09782602,1.0241275,0.42038736,1.0565172,0.033431586,1.1240451,0.40003428,0.9356645,0.0389823,1.0010618,0.39943144,0.90788543,0.012435123,0.95757097,0.34433398,1.4785979,-0.31292313,1.5179795,0.32808575,2.890725,-0.26201776,2.8913186,0.29347253,4.10457,-0.20712996,4.1860604,0.28685057,4.254315,-0.1989458,4.3519096,0.1905928,4.6075172,-0.10945006,4.65732,regarde_antiseche
0.03492816,0.10656459,0.08896371,-0.0047560474,0.13348266,-0.024395864,0.16987197,-0.0467534,-0.02770718,0.0050388942,-0.059534304,-0.004060247,-0.10105443,-0.015219836,0.21030529,-0.22619164,-0.160302,-0.14617166,0.091712005,0.11044463,-0.02481504,0.12164672,0.49987283,-0.011276563,-0.49987283,0.011276563,0.74689853,0.8844237,-0.58488244,0.775418,0.48184457,1.0044338,-0.07342854,0.98186857,0.38761657,1.0398189,0.070510566,1.0330685,0.37677923,0.9127378,0.051831774,0.91582125,0.3816163,0.88816684,0.024581004,0.8894223,0.34117505,1.4577743,-0.30990046,1.4900461,0.33064196,2.7906728,-0.27273268,2.7837546,0.29441714,3.9944284,-0.21543437,4.087296,0.28807098,4.141562,-0.20423056,4.260389,0.19716386,4.483352,-0.1451162,4.543943,regarde_antiseche
0.03713757,0.11387905,0.09443784,-0.003473969,0.1380035,-0.024730552,0.17309529,-0.047208503,-0.019982582,0.0063830595,-0.056042597,-0.0030319877,-0.09324551,-0.01580986,0.21212031,-0.22050266,-0.15787588,-0.15211,0.093747295,0.11756286,-0.024410518,0.12903656,0.49998647,-0.003678798,-0.49998647,0.003678798,0.73431534,0.7905231,-0.5852651,0.7756648,0.5170284,1.0322903,0.021966051,0.92833567,0.4548387,1.0886364,0.20049207,0.9612791,0.43730602,0.9618716,0.19176653,0.8302974,0.4297481,0.93117595,0.15078136,0.81522113,0.3378091,1.466301,-0.31236708,1.4985492,0.32652032,2.8183756,-0.2732558,2.8228703,0.28724796,4.0277624,-0.21587335,4.117146,0.2797908,4.175917,-0.20582834,4.2829947,0.1859181,4.5139785,-0.14880723,4.581394,regarde_antiseche
0.0666948,0.089097895,0.11312581,-0.030300746,0.15427452,-0.055149164,0.18620871,-0.07695134,0.0017617046,-0.008974084,-0.040383853,-0.013833191,-0.070943914,-0.024998289,0.21651901,-0.24783742,-0.13752766,-0.15756144,0.113477536,0.097123206,-0.0022482586,0.11622547,0.49998415,-0.0039800587,-0.49998415,0.0039800587,0.71368945,0.7774911,-0.5821441,0.7906346,0.48042932,0.88724345,0.017800514,0.9369664,0.4112467,0.8919604,0.19120674,0.9762941,0.40275106,0.77098304,0.18561706,0.8465033,0.395485,0.7674537,0.14547831,0.8284366,0.33978313,1.5005975,-0.31452763,1.5456188,0.31742442,2.8952718,-0.28288293,2.894092,0.2763183,4.1255565,-0.22930512,4.20064,0.26951802,4.2805805,-0.21745814,4.3674674,0.16734481,4.611061,-0.16363415,4.669094,regarde_antiseche
0.053953875,0.062498137,0.109629475,-0.061829392,0.14763984,-0.083931066,0.18337311,-0.10834098,-0.0018065928,-0.04120554,-0.044680934,-0.04552754,-0.07395203,-0.057999067,0.2080446,-0.26573887,-0.13723448,-0.19645528,0.10845436,0.054479666,-0.0062703206,0.10305226,0.49995992,-0.006331211,-0.49995992,0.006331211,0.7925065,0.89979017,-0.58867544,0.7818225,0.48279107,0.85711604,0.03224589,0.8820346,0.41026857,0.8523274,0.21339037,0.9138929,0.4014923,0.72073746,0.19884892,0.7819579,0.39666516,0.7191072,0.15276654,0.76296014,0.33977523,1.5054462,-0.31753978,1.5464548,0.32898834,2.8013222,-0.28847903,2.7954276,0.30586588,4.016524,-0.22490978,4.0975723,0.29546916,4.168558,-0.20999275,4.2712264,0.22897081,4.5001407,-0.16328834,4.5516567,regarde_antiseche
0.054763265,0.057869073,0.111292675,-0.07670832,0.14747468,-0.0989943,0.18335505,-0.12456426,-0.0022486546,-0.04452404,-0.04256761,-0.04969066,-0.07565914,-0.06091067,0.20311174,-0.27334332,-0.13545363,-0.1986938,0.10945726,0.054621164,-0.005959209,0.097405806,0.4999608,-0.0062598838,-0.4999608,0.0062598838,0.73973334,0.8190205,-0.5836857,0.7981871,0.6232807,0.87917036,0.035550073,0.892399,0.5951541,0.8573479,0.22379981,0.91231203,0.5936353,0.7325005,0.21077314,0.7880715,0.5696979,0.7223412,0.16328488,0.7669999,0.33634302,1.4704467,-0.31759387,1.5168784,0.3715067,2.5544298,-0.28879952,2.6307547,0.31477025,3.7724073,-0.22338422,3.9196396,0.29768053,3.920973,-0.20935176,4.084617,0.25536078,4.261699,-0.15374215,4.3909683,regarde_antiseche
0.06250281,0.096168034,0.11987644,-0.03951655,0.15710439,-0.062062748,0.1896837,-0.08757276,0.006929752,-0.020318605,-0.03669473,-0.026868952,-0.06853497,-0.038889132,0.20621522,-0.24841715,-0.13221727,-0.17711797,0.11514491,0.10531391,-0.0022305488,0.123521194,0.49987128,-0.011344792,-0.49987128,0.011344792,0.72680604,0.7612431,-0.57893425,0.8008608,0.49762753,0.93428135,0.056739952,0.8959939,0.42243382,0.9757646,0.24869853,0.92437613,0.39533913,0.85063314,0.23785064,0.79932845,0.39464217,0.82443833,0.18823908,0.7772101,0.3387879,1.4584776,-0.31243393,1.5087802,0.34762424,2.7177198,-0.28468528,2.7509196,0.2835894,3.9181824,-0.22953674,4.030941,0.26678276,4.0640206,-0.21631378,4.191441,0.19939339,4.400815,-0.16768828,4.500699,regarde_antiseche
0.06253242,0.102445275,0.119763784,-0.01371317,0.15744254,-0.036070656,0.1896295,-0.06289028,0.0037210765,-0.0060724514,-0.04039384,-0.017374028,-0.072744064,-0.032562293,0.21119358,-0.22873835,-0.14126094,-0.1601589,0.11522541,0.1239832,-0.005326441,0.11989375,0.49983117,-0.0129929315,-0.49983117,0.0129929315,0.75659066,0.93847126,-0.5693126,0.7842383,0.4930384,1.1117963,0.03029349,0.91896343,0.4245015,1.1979818,0.20471297,0.95412296,0.39508063,1.0780492,0.21027452,0.8274991,0.39444724,1.037481,0.16430883,0.80568886,0.3376694,1.4277152,-0.2995166,1.4843044,0.347258,2.7891977,-0.24728219,2.7990537,0.29085562,3.9068308,-0.19422318,3.9976249,0.27527532,4.045119,-0.19139403,4.148248,0.21784139,4.3839054,-0.09528448,4.457615,regarde_antiseche
0.054615512,0.104436,0.11050096,-0.011291787,0.1487366,-0.03384072,0.18114007,-0.070258744,-0.0032990456,-0.0017060743,-0.04752465,-0.013013104,-0.078907065,-0.028209116,0.2074964,-0.23827572,-0.14696713,-0.15769635,0.10724436,0.117664054,-0.0111452555,0.11917233,0.4999359,-0.008005559,-0.4999359,0.008005559,0.7129579,0.82368696,-0.6037727,0.725432,0.45703152,1.1580031,-0.14520122,0.9793648,0.374718,1.2512791,-0.030403543,1.0807877,0.3525148,1.1274267,-0.030567138,0.9887072,0.35630488,1.0841125,-0.051500756,0.9454768,0.32902867,1.4515944,-0.31067154,1.4928131,0.33640113,2.8237684,-0.27022028,2.8317657,0.2801,3.991882,-0.24314539,4.073719,0.26649904,4.137811,-0.23655674,4.2440352,0.18370767,4.478256,-0.17040773,4.525673,regarde_antiseche
0.054556806,0.104423285,0.110037796,-0.00061449106,0.14692758,-0.020446569,0.18040481,-0.06615096,-0.0068972944,0.0029526385,-0.047120336,-0.009031615,-0.07828387,-0.023311496,0.20581336,-0.23521718,-0.14726259,-0.15141898,0.105944574,0.11707135,-0.011657943,0.118753776,0.49992692,-0.008548734,-0.49992692,0.008548734,0.76663375,1.0031095,-0.5843127,0.7624302,0.4573975,1.2109784,0.0031261663,0.9282904,0.37584466,1.2922302,0.16489165,0.96065956,0.35236332,1.1663886,0.16063403,0.8426353,0.35705167,1.1275718,0.12146997,0.8264046,0.3317335,1.4408268,-0.3038058,1.4821883,0.336426,2.8030593,-0.24622336,2.8137,0.28073394,3.968026,-0.21227942,4.0448284,0.2663876,4.1134105,-0.20566238,4.215705,0.18588367,4.44273,-0.15655155,4.4763675,regarde_antiseche
0.042591874,0.065308414,0.09854005,-0.049361706,0.13174036,-0.07081319,0.17211312,-0.10239082,-0.021654658,-0.032877382,-0.053573925,-0.044825647,-0.09322669,-0.0559705,0.20043902,-0.2892478,-0.14655711,-0.18900962,0.09956255,0.06866254,-0.019783594,0.09871609,0.49998406,-0.003992494,-0.49998406,0.003992494,0.78342295,0.99569684,-0.58159536,0.7666548,0.4460395,0.90945274,0.0015356774,0.87247753,0.35520145,0.8950603,0.16242875,0.8999597,0.3452923,0.7685755,0.15669593,0.7993113,0.34958377,0.77144456,0.120224744,0.78520566,0.33193302,1.4965787,-0.30935004,1.5363656,0.33545935,2.9003015,-0.25018182,2.8918352,0.27354205,4.084961,-0.22741836,4.153424,0.26242217,4.2304244,-0.2223222,4.3262424,0.16993369,4.5940623,-0.16292068,4.611433,regarde_antiseche
0.04031925,0.035812307,0.10044275,-0.13923584,0.13747168,-0.15907447,0.17300136,-0.17983043,-0.013795812,-0.069217764,-0.051740848,-0.07595396,-0.08116495,-0.08824011,0.20331284,-0.32197085,-0.13335778,-0.22729054,0.09900444,0.026158867,-0.015849724,0.050267987,0.49997824,-0.0046628374,-0.49997824,0.0046628374,0.7836343,0.99461925,-0.5913635,0.76940185,0.3647768,0.91469735,0.002762044,0.895211,0.24826403,0.922521,0.17491709,0.9533393,0.24492474,0.783723,0.1694081,0.82771885,0.258156,0.7768377,0.12553638,0.8055866,0.32973287,1.4990244,-0.31818116,1.5249373,0.31987423,2.8998797,-0.2828809,2.8835914,0.26116958,4.104806,-0.2642161,4.1771,0.24978809,4.2522187,-0.2538718,4.3521814,0.15897986,4.620705,-0.21763667,4.6432676,regarde_antiseche
0.060876954,0.044788975,0.11635361,-0.12802364,0.15007605,-0.14558874,0.18601659,-0.17207092,-0.00012826327,-0.059020273,-0.032831736,-0.066256516,-0.061838407,-0.07861022,0.20785882,-0.31139585,-0.13090043,-0.21917962,0.11650923,0.03782808,-0.0047389446,0.060999118,0.49977452,-0.015014471,-0.49977452,0.015014471,0.72498584,0.7735584,-0.589338,0.7771663,0.38490134,0.87174445,0.03284812,0.91212404,0.3022266,0.9002607,0.2098401,0.9795152,0.2907052,0.77235276,0.20267966,0.847915,0.28953254,0.7582736,0.15808518,0.8215252,0.34091574,1.5368348,-0.3159405,1.588756,0.31930634,2.9759707,-0.28215235,2.9755814,0.2645296,4.2098784,-0.26021028,4.2898865,0.25482357,4.3636413,-0.25006476,4.460275,0.15512048,4.7100964,-0.21167152,4.7581115,regarde_antiseche
0.06866715,0.055114146,0.11825455,-0.08761854,0.1540016,-0.108946204,0.1891717,-0.16522604,0.00401457,-0.044019222,-0.026923196,-0.052473944,-0.060875364,-0.06090228,0.2128753,-0.3095546,-0.12839833,-0.20192039,0.11788052,0.049394526,-0.0006009751,0.070806086,0.49971932,-0.016750839,-0.49971932,0.016750839,0.71721727,0.72075146,-0.5941238,0.7194894,0.4552704,0.84778696,-0.13768116,0.905346,0.3939636,0.8867555,-0.029149085,0.98058593,0.36437836,0.7643163,-0.02553799,0.856867,0.35939196,0.7464802,-0.042897142,0.8272339,0.34322357,1.535091,-0.30223465,1.5910724,0.35160506,2.82887,-0.27337876,2.8073752,0.32024372,3.9814174,-0.22083227,4.069737,0.30505145,4.119914,-0.21069898,4.2318125,0.2436106,4.470357,-0.13958319,4.525459,regarde_antiseche
0.06847951,0.054981552,0.1173415,-0.09200236,0.15438488,-0.115526445,0.18926844,-0.16009139,0.0022543524,-0.043745738,-0.03554744,-0.05059756,-0.064534284,-0.059552178,0.211788,-0.3081774,-0.12888989,-0.20003496,0.11492107,0.050096087,-0.0018018553,0.0709281,0.49970004,-0.017317068,-0.49970004,0.017317068,0.71655846,0.71177214,-0.5982316,0.72349757,0.5107125,0.8533711,-0.13234667,0.9591375,0.45500827,0.88965094,-0.0083056055,1.0517313,0.43150258,0.7691197,-0.0058297273,0.9412552,0.42366162,0.752475,-0.030334014,0.8982223,0.34338176,1.5339558,-0.29656336,1.5876979,0.35509753,2.7850702,-0.27404308,2.777202,0.31813323,3.9306645,-0.22177267,4.0367627,0.30282056,4.0716534,-0.21117371,4.201448,0.2478062,4.415147,-0.13263912,4.4961267,regarde_antiseche
0.048028592,0.03162125,0.10830015,-0.10372841,0.1414166,-0.12592046,0.18298842,-0.16274847,-0.003257108,-0.07155436,-0.044917196,-0.07557277,-0.07018544,-0.08585951,0.20507993,-0.30971202,-0.13149536,-0.21961896,0.10706372,0.024594422,-0.00784522,0.06729042,0.49964312,-0.018887917,-0.49964312,0.018887917,0.7012435,0.7217334,-0.60551226,0.7234071,0.54066765,0.860579,-0.1550205,0.9445139,0.48484218,0.8864989,-0.03240365,1.0098536,0.46934193,0.7633584,-0.040808156,0.9116188,0.46609026,0.7502873,-0.06522438,0.874695,0.3414182,1.5320379,-0.29536432,1.581562,0.34611684,2.7896879,-0.28349975,2.7865498,0.31242526,3.9584434,-0.22870833,4.0552325,0.2978893,4.10174,-0.21963789,4.2191324,0.24927646,4.4416785,-0.1378157,4.5171814,regarde_antiseche
0.054852538,0.032474767,0.115524426,-0.09654753,0.14706439,-0.117300645,0.18739249,-0.14648928,0.0068438035,-0.06968291,-0.037356228,-0.07440617,-0.06350911,-0.08586724,0.2070284,-0.2967302,-0.12676014,-0.22704138,0.11310282,0.0396515,0.00076875935,0.06834627,0.49972025,-0.016723895,-0.49972025,0.016723895,0.70603377,0.73641914,-0.6085802,0.7176704,0.5393287,0.95709765,-0.14196078,0.9559789,0.48140088,1.0114588,-0.012747386,1.0339998,0.4641721,0.8807731,-0.018875973,0.93636405,0.4598117,0.8579567,-0.045696028,0.9007286,0.33730403,1.5322292,-0.31090978,1.56635,0.34410402,2.8312335,-0.30012584,2.8102129,0.29273158,4.063436,-0.27160624,4.127314,0.2786534,4.219741,-0.2648936,4.3147407,0.19428125,4.549917,-0.19548333,4.565147,regarde_antiseche
0.05910944,0.04520092,0.11987764,-0.07337756,0.15140271,-0.0939403,0.19151536,-0.118021496,0.010562032,-0.05461397,-0.03427043,-0.06000791,-0.061125632,-0.07083741,0.21065263,-0.29054946,-0.12744132,-0.21049878,0.117196694,0.05019178,0.0025684393,0.075372055,0.49969444,-0.017477661,-0.49969444,0.017477661,0.7132234,0.7290066,-0.60859156,0.72655463,0.51642454,0.9522251,-0.06590539,1.0192614,0.46050784,1.0201741,0.08687821,1.1391507,0.43912688,0.88630486,0.09058545,1.0157686,0.42873058,0.8659188,0.05369088,0.9674996,0.3462752,1.5445986,-0.3103268,1.5795035,0.33118823,2.9536932,-0.29887605,2.9460485,0.28685653,4.2243657,-0.2696044,4.2879643,0.2783922,4.3832536,-0.26287973,4.4532375,0.18032636,4.7211103,-0.18822546,4.7704787,regarde_antiseche
0.06739677,0.08995524,0.12361403,-0.039077338,0.15793866,-0.06487564,0.19518651,-0.09226619,0.014360502,-0.019087225,-0.030166466,-0.024044676,-0.056837976,-0.035352536,0.21496926,-0.25911555,-0.124550454,-0.1684676,0.12020599,0.09710178,0.00667016,0.110419095,0.49972034,-0.016721142,-0.49972034,0.016721142,0.7050983,0.72316885,-0.5872122,0.7895484,0.49835932,0.9580327,0.09713268,0.9970514,0.42725953,1.0068655,0.2976027,1.049428,0.408314,0.8748431,0.28966865,0.89545923,0.4047509,0.854371,0.23448247,0.86844987,0.33986667,1.4647654,-0.30747345,1.5275671,0.35187408,2.736993,-0.28902504,2.8033564,0.3000473,3.961072,-0.22887462,4.098427,0.28351772,4.1136646,-0.22050878,4.2628975,0.2334967,4.4540596,-0.14829548,4.57392,regarde_antiseche
0.06654041,0.070029885,0.11862885,-0.055234224,0.15510066,-0.08737416,0.19060199,-0.114818506,0.012160913,-0.03519094,-0.031938583,-0.040214743,-0.058372397,-0.051272012,0.2123,-0.27303147,-0.12575136,-0.17593092,0.11706628,0.07997765,0.005920763,0.092861705,0.49975115,-0.015772615,-0.49975115,0.015772615,0.75896466,0.970401,-0.5652009,0.7867976,0.3688883,0.9356257,0.15813103,0.8970062,0.24906698,0.95324975,0.35923484,0.9045939,0.23435333,0.81484365,0.34454796,0.7687539,0.2571967,0.8060729,0.28639877,0.75370187,0.3374522,1.4804776,-0.30938637,1.545224,0.34405833,2.8027663,-0.2887141,2.8356507,0.29522565,4.004148,-0.2283391,4.1068883,0.27936664,4.152334,-0.22013699,4.266651,0.22987895,4.4947042,-0.14949842,4.581173,regarde_antiseche
0.06513073,0.06477531,0.11845338,-0.061910875,0.15423372,-0.08956733,0.1904756,-0.116181195,0.013722212,-0.044229664,-0.03101082,-0.050144207,-0.056357816,-0.063166045,0.20847873,-0.2743551,-0.123587206,-0.17690565,0.11632071,0.080218,0.005566333,0.09335729,0.4997432,-0.016022889,-0.4997432,0.016022889,0.7445147,0.807697,-0.57894796,0.78912985,0.4691409,0.90417457,0.08549212,0.90416753,0.40017688,0.917612,0.30641997,0.9259128,0.38309696,0.79087484,0.2737184,0.7935506,0.38275376,0.78111833,0.20427631,0.7730189,0.33696988,1.4837427,-0.3122392,1.5453467,0.36915016,2.6792407,-0.29130375,2.746035,0.3088241,3.9132006,-0.22905049,4.047337,0.28637293,4.0686793,-0.21915849,4.2164845,0.25553346,4.4011645,-0.15154634,4.5155387,regarde_antiseche
0.05972883,0.06295916,0.11737173,-0.09084241,0.15229785,-0.11464797,0.19005364,-0.14175954,0.010800582,-0.044054165,-0.033790976,-0.049876455,-0.058718797,-0.06289131,0.20647,-0.28872198,-0.12413984,-0.1895983,0.11570083,0.06523255,0.0040907585,0.0828245,0.499657,-0.018516941,-0.499657,0.018516941,0.7162878,0.807757,-0.59444326,0.7885725,0.43342876,0.8988114,-0.05103658,1.0610493,0.34359658,0.90447533,0.09053633,1.1706655,0.33507872,0.7658279,0.0844492,1.0538183,0.3402459,0.7585765,0.048762742,0.99933684,0.34900007,1.4921393,-0.3054203,1.5409693,0.36641273,2.782603,-0.29277518,2.7806551,0.31372514,4.046287,-0.23432712,4.1206794,0.29927126,4.2138405,-0.22323366,4.3102374,0.24893484,4.5030956,-0.16413827,4.559341,regarde_antiseche
0.062675856,0.0685167,0.118903056,-0.031021869,0.15345883,-0.049461775,0.19203618,-0.07335303,0.0032686258,-0.017209338,-0.033119515,-0.028212944,-0.070276394,-0.04253837,0.21092547,-0.25283346,-0.14132835,-0.16521242,0.11751451,0.0771446,-0.0002811099,0.09164662,0.49940592,-0.024366397,-0.49940592,0.024366397,0.7854543,0.8747627,-0.57514083,0.8135378,0.5109711,0.8408312,-0.0031065624,0.95702064,0.44830802,0.8371084,0.15907529,0.99615663,0.43148422,0.7139313,0.16510113,0.8715928,0.4261326,0.71005607,0.12554286,0.84454155,0.3445847,1.458575,-0.29519886,1.5152748,0.37233275,2.760805,-0.2769988,2.7860928,0.3152007,3.9597404,-0.22182661,4.0403843,0.29903036,4.107158,-0.21110041,4.222127,0.25214872,4.421517,-0.1406239,4.4934864,regarde_antiseche
0.056266293,0.0036037401,0.11053756,-0.1122599,0.14700598,-0.13354422,0.18455292,-0.2166888,-0.0044263965,-0.08537142,-0.043188673,-0.08491164,-0.07795522,-0.09343153,0.20568769,-0.29242373,-0.14524406,-0.20806363,0.10904074,0.0006104563,-0.008022206,0.030015888,0.4995121,-0.022082832,-0.4995121,0.022082832,0.78855574,0.9079873,-0.5843779,0.782124,0.55428237,0.898845,-0.09836887,0.937582,0.50897264,0.9207918,0.04165752,0.97203285,0.50113267,0.808761,0.033106774,0.85987306,0.49196807,0.7951657,-0.0004591712,0.8359665,0.33736062,1.5108525,-0.30270693,1.5495794,0.35350946,2.7818136,-0.2861433,2.789206,0.30867362,3.9681756,-0.23001741,4.04604,0.29461074,4.116678,-0.21924034,4.2238307,0.2441122,4.4304233,-0.14897294,4.496018,regarde_antiseche
0.048354965,0.029701557,0.098611765,-0.08333752,0.1418404,-0.12399975,0.17681074,-0.20192283,-0.010320018,-0.058812495,-0.04326592,-0.06117845,-0.0835033,-0.06893595,0.20682217,-0.28519082,-0.148571,-0.19544785,0.104044065,0.02311628,-0.016148033,0.050280903,0.4990762,-0.03038027,-0.4990762,0.03038027,0.7394231,0.73885477,-0.5544552,0.7955543,0.9685612,0.7407123,0.09914377,0.88347965,1.0053381,0.64728236,0.28312218,0.8761674,0.9989883,0.6028163,0.27450353,0.73446274,0.9789814,0.613714,0.23433499,0.7274503,0.30689028,1.384967,-0.3045396,1.4553363,0.40786064,2.242493,-0.281119,2.4006307,0.3208011,3.37689,-0.20349798,3.517373,0.29642904,3.5222268,-0.19900839,3.6549368,0.3031383,3.8170907,-0.086176276,3.9582636,regarde_antiseche
0.026312253,0.039527047,0.0828185,-0.05583966,0.12302614,-0.0798682,0.16272794,-0.122381255,-0.03212362,-0.04442704,-0.06138125,-0.0519785,-0.10209663,-0.06209081,0.1992541,-0.2661774,-0.1567426,-0.18623368,0.09029784,0.043470353,-0.03224511,0.060292613,0.49963033,-0.019223053,-0.49963033,0.019223053,0.77312374,0.99194276,-0.5658815,0.7786174,0.55513704,0.9916318,0.0045673484,0.9445059,0.47140566,1.0131085,0.17638545,1.0011932,0.465444,0.8782662,0.18117875,0.87948745,0.4717218,0.8599906,0.13991982,0.8467263,0.33347782,1.4567001,-0.29805067,1.4767473,0.384039,2.66235,-0.27842,2.569943,0.31472713,3.8293884,-0.20566642,3.8527064,0.29318613,3.9736557,-0.1997372,4.0343413,0.24982688,4.2938595,-0.11251357,4.2735014,regarde_antiseche
0.02857449,0.059801858,0.08475642,-0.052385308,0.12568045,-0.07523993,0.16451071,-0.11099616,-0.029439902,-0.041610137,-0.059514053,-0.04943099,-0.099787764,-0.059646357,0.20226341,-0.2609852,-0.15357569,-0.19268698,0.08982415,0.057211183,-0.030081708,0.0690467,0.49971995,-0.016732108,-0.49971995,0.016732108,0.7077946,0.83444387,-0.5917549,0.77572167,0.4926792,1.1033369,-0.11263029,1.0717516,0.4211313,1.1846102,0.01635083,1.1970627,0.40225434,1.0565647,0.024700379,1.0861142,0.40180627,1.0144752,-0.0031357934,1.0285227,0.3361196,1.4366962,-0.3003053,1.4506568,0.3731438,2.6838818,-0.28446183,2.5891204,0.31571245,3.8671944,-0.23177168,3.927317,0.29586342,4.0149937,-0.22299437,4.1158714,0.23046045,4.3421707,-0.1576563,4.3496304,regarde_antiseche
0.030331092,0.054579105,0.08605972,-0.058835354,0.1262669,-0.080931604,0.1651424,-0.11610876,-0.02724197,-0.04534996,-0.05726409,-0.053742178,-0.09725418,-0.06324915,0.20137823,-0.26248294,-0.15658522,-0.19740921,0.09043573,0.057157185,-0.028600292,0.06531938,0.49981186,-0.013715333,-0.49981186,0.013715333,0.7588435,0.9924019,-0.5814655,0.77807456,0.4526896,1.0649229,0.020076063,0.9471861,0.36576638,1.1109853,0.19597307,0.9793165,0.35401073,0.9837141,0.18625608,0.8467041,0.3581536,0.9549221,0.14005652,0.8270497,0.34421456,1.435287,-0.290571,1.4570264,0.3678359,2.7581356,-0.26630616,2.734133,0.31414455,3.937145,-0.21839511,4.0057254,0.29558876,4.0877333,-0.20854577,4.1740446,0.22524877,4.3979754,-0.1546716,4.450132,regarde_antiseche
0.023688909,0.06158334,0.08101126,-0.047498714,0.1184015,-0.06786356,0.15940405,-0.09780627,-0.03565363,-0.03345904,-0.06467281,-0.04225458,-0.10603034,-0.051848922,0.19554053,-0.2606511,-0.16360472,-0.19070531,0.08605613,0.06387092,-0.034563735,0.08089197,0.49985793,-0.011918203,-0.49985793,0.011918203,0.7824632,0.9802858,-0.5892949,0.785917,0.5845764,1.0578331,-0.034966435,1.0130494,0.55605376,1.0982622,0.11310876,1.0909792,0.549626,0.97403497,0.1266041,0.973258,0.52772814,0.94929004,0.092965566,0.9356353,0.34572375,1.4462361,-0.2933507,1.4714435,0.3676043,2.8058476,-0.25817186,2.7962446,0.31573972,3.9957662,-0.21023287,4.071563,0.30178007,4.1437054,-0.20070387,4.2374682,0.22343571,4.4781938,-0.12584183,4.5286775,regarde_antiseche
0.04331281,0.047938224,0.08666523,-0.06442651,0.13562375,-0.13630122,0.16879085,-0.1590137,-0.025867471,-0.046823353,-0.063993275,-0.05178431,-0.09645344,-0.062471453,0.2047735,-0.29745945,-0.14783736,-0.1966847,0.09014363,0.04859257,-0.02221781,0.067635775,0.49989808,-0.010095783,-0.49989808,0.010095783,0.7880509,0.98291475,-0.61794126,0.72223264,0.53253,1.0563362,-0.13117355,0.97364736,0.46629474,1.1048803,-0.011237766,1.0513527,0.4604804,0.9761613,-0.013240195,0.95893764,0.45529976,0.9496796,-0.035036393,0.92137456,0.34053785,1.4722474,-0.2975859,1.4963531,0.3308252,2.853782,-0.28716192,2.8340497,0.2584405,4.046664,-0.27714655,4.121274,0.24456406,4.19143,-0.26736346,4.2929587,0.1519321,4.5391197,-0.21657586,4.5646424,regarde_antiseche
0.047379725,0.027393362,0.094643064,-0.091861725,0.13837312,-0.13793242,0.17408043,-0.19342461,-0.019290833,-0.07025876,-0.052110348,-0.07707981,-0.08102066,-0.08772358,0.20543966,-0.32268408,-0.13875759,-0.22287422,0.09857406,0.02288819,-0.017470317,0.04465854,0.4998678,-0.011496577,-0.4998678,0.011496577,0.692202,0.7973669,-0.60798323,0.78439975,0.5622332,1.0792705,-0.12811871,1.0810169,0.5334479,1.1551491,0.00075228605,1.1927772,0.5196251,1.033878,-0.007921191,1.0709467,0.49935135,0.9997065,-0.02550894,1.0249363,0.3412344,1.495522,-0.31842294,1.5248961,0.30578324,2.904892,-0.30311173,2.8899353,0.25209394,4.1703854,-0.30035543,4.229778,0.2448968,4.3414264,-0.29569325,4.421292,0.13244708,4.631966,-0.23360789,4.65742,regarde_antiseche
0.045335162,0.033887625,0.09593141,-0.09717466,0.13709192,-0.13248146,0.17414898,-0.18257163,-0.021143554,-0.07786519,-0.052285094,-0.08682574,-0.079526454,-0.09945578,0.20357536,-0.31501338,-0.13906352,-0.21893021,0.09985158,0.030480176,-0.01873238,0.051731747,0.49973777,-0.016191369,-0.49973777,0.016191369,0.69299465,0.774381,-0.6053926,0.8100701,0.31635517,0.95067406,0.031064684,0.985252,0.18666047,0.9813413,0.2270363,1.0451257,0.17800978,0.83981174,0.21156843,0.90163535,0.19907212,0.82596457,0.15641676,0.8766057,0.3381865,1.4999229,-0.32301986,1.5311822,0.2975668,2.9000688,-0.30857176,2.8940446,0.24589118,4.164106,-0.29667693,4.2470746,0.23928297,4.333282,-0.29007062,4.4376225,0.1348583,4.6303864,-0.23504011,4.68881,regarde_antiseche
0.058391802,0.07781916,0.113248944,-0.02641349,0.15106298,-0.066724084,0.18740782,-0.09807809,-0.009082728,-0.012205685,-0.040593125,-0.022124153,-0.073199235,-0.031526767,0.20971851,-0.25053126,-0.13812165,-0.15313986,0.10972451,0.08102298,-0.010659554,0.09405748,0.4994809,-0.022777595,-0.4994809,0.022777595,0.699134,0.7639701,-0.5897298,0.8172354,0.29050532,0.88224703,0.10524673,0.9429574,0.1554239,0.8914446,0.30975553,0.9770356,0.14268494,0.74769557,0.29000357,0.830512,0.16452226,0.73824155,0.2343298,0.8094185,0.34603018,1.4949757,-0.31582746,1.53083,0.3092947,2.9021251,-0.29614064,2.910102,0.26446208,4.158839,-0.2581129,4.2520995,0.25670823,4.320075,-0.2440944,4.429594,0.16077508,4.6422005,-0.20479062,4.7160316,regarde_antiseche
0.049807154,0.07893301,0.10744325,-0.033134684,0.1454325,-0.06811611,0.18209738,-0.09824797,-0.014777385,-0.011975696,-0.047544893,-0.020393895,-0.07994688,-0.02966064,0.20461911,-0.24261063,-0.14512444,-0.14796764,0.1034867,0.08212648,-0.016997788,0.09437881,0.49974787,-0.015876727,-0.49974787,0.015876727,0.7770029,0.9755085,-0.60454327,0.7618021,0.46242028,0.9007514,-0.008545962,1.0138197,0.3906549,0.9020947,0.1435151,1.0967754,0.37896267,0.7689236,0.15101014,0.98298305,0.37432393,0.74530774,0.115280345,0.94610107,0.34350467,1.4994464,-0.31494462,1.5342506,0.3105911,2.9093215,-0.3033528,2.904524,0.26552364,4.166913,-0.26566726,4.2616863,0.25867066,4.3280945,-0.2517229,4.438456,0.15565288,4.6515303,-0.20950809,4.7330904,regarde_antiseche
0.048585694,0.07534627,0.10664569,-0.03264166,0.14452127,-0.068213426,0.18155788,-0.09776825,-0.015792578,-0.013987274,-0.048544668,-0.0241292,-0.08287896,-0.03483812,0.20453262,-0.25474638,-0.14586206,-0.17502362,0.10293045,0.07922421,-0.017945644,0.0905393,0.49978426,-0.0146869235,-0.49978426,0.0146869235,0.7525924,0.8312681,-0.60720044,0.76313555,0.5049004,1.1106751,-0.117811434,1.0857563,0.4428672,1.2065531,-0.0066584838,1.2042826,0.42539722,1.0779498,0.0013372314,1.1014581,0.41824576,1.0323741,-0.015330128,1.054254,0.35135195,1.5374467,-0.31114805,1.5831759,0.3431721,2.9697945,-0.2664609,2.971201,0.3198045,4.2392154,-0.21634786,4.3175445,0.31986687,4.4007297,-0.20696619,4.4962974,0.20103876,4.733411,-0.13754007,4.7728653,regarde_antiseche
0.039730057,0.07598387,0.09979416,-0.055684116,0.13711317,-0.082729176,0.1748515,-0.109517604,-0.022706904,-0.039580468,-0.055105433,-0.050964274,-0.08858786,-0.06402315,0.20110965,-0.26650062,-0.15234993,-0.18597053,0.09667744,0.0749752,-0.024271559,0.085705355,0.49999878,-0.0011039254,-0.49999878,0.0011039254,0.7165323,0.82206315,-0.64395374,0.734063,0.6153198,1.1455237,-0.3060312,1.2801819,0.60190624,1.2346948,-0.2552696,1.5028442,0.58812475,1.1036761,-0.20874824,1.4110528,0.5616334,1.0626842,-0.20782492,1.3269315,0.3582412,1.5456351,-0.31974977,1.5721459,0.34151685,2.9950557,-0.27577972,2.9976046,0.3141549,4.2890725,-0.24879847,4.3540854,0.31447232,4.4540987,-0.24974068,4.5375466,0.18810979,4.782056,-0.15789942,4.809219,regarde_antiseche
0.022314096,0.087078676,0.0851446,-0.015594369,0.12772992,-0.03193249,0.16560523,-0.051990155,-0.034542035,-0.018254824,-0.072722554,-0.03389382,-0.10460236,-0.051206283,0.19890644,-0.20094727,-0.17318453,-0.18318923,0.0845226,0.11054514,-0.03546239,0.10207591,0.49998024,-0.0044456185,-0.49998024,0.0044456185,0.6929979,0.7847077,-0.6058592,0.7204686,0.449808,1.0999476,-0.10884979,1.1116567,0.35990918,1.1782726,0.031082977,1.2461252,0.34175512,1.0488532,0.032917444,1.1205335,0.34293553,1.0098827,0.0044252113,1.0664366,0.362793,1.5299085,-0.3068171,1.5573024,0.32986045,2.972779,-0.26983166,2.9605615,0.2899654,4.195815,-0.24521962,4.257798,0.2948286,4.344614,-0.24529023,4.4191546,0.16595602,4.7026963,-0.15494391,4.7466507,regarde_antiseche
0.03614487,0.09122338,0.098846495,-0.019556686,0.14017756,-0.03945431,0.17394648,-0.06328603,-0.009878762,-0.016657975,-0.05217053,-0.032681294,-0.07999715,-0.0496556,0.21007536,-0.22171098,-0.14788675,-0.18682109,0.092873186,0.10867249,-0.019114159,0.10397057,0.4999533,-0.006834101,-0.4999533,0.006834101,0.68628997,0.7438712,-0.6057792,0.73199373,0.45194536,0.8953582,-0.09460942,0.97798777,0.36683643,0.92026687,0.058556862,1.0487068,0.34988138,0.7895658,0.04640681,0.9158332,0.34988588,0.77169144,0.012822094,0.876694,0.33043966,1.4590145,-0.3115911,1.4983959,0.38789403,2.5382092,-0.3198543,2.5949905,0.3032606,3.6861959,-0.24502721,3.8491182,0.2938221,3.8123174,-0.2343305,4.0001516,0.22740248,4.20433,-0.16384414,4.3333316,regarde_antiseche
